{
  "$version": "0.1.0",
  "type": "FeatureCollection",
  "features": [
    {
      "type": "Feature",
      "geometry": {
        "type": "Point",
        "coordinates": [
          -0.512,
          51.468
        ]
      },
      "properties": {
        "id": "manor-farm-slough",
        "name": "Manor Farm data centre (Poyle Road)",
        "operator": "Manor Farm Propco / Tritax Big Box affiliate",
        "status": "approved",
        "local_authority": "Slough Borough Council",
        "corridor": "west",
        "planning_ref": {
          "id": "3366043",
          "url": "https://www.gov.uk/government/publications/recovered-appeal-land-at-manor-farm-and-land-north-of-wraysbury-reservoir-poyle-road-slough-ref-3366043-10-june-2026"
        },
        "summary": "Data centre and battery storage on Manor Farm / land north of Wraysbury Reservoir, Poyle Road, on the Slough–Heathrow fringe within Slough's data-centre Availability Zone. Secretary of State allowed the recovered appeal on 10 June 2026. The consented scheme is a data centre with an IT capacity of about 72 MW plus a separate 100 MW battery energy storage system, on an appeal site of about 8.16 hectares (~20.2 acres). Developer/acquisition materials describe a wider ~74-acre Manor Farm holding and up to ~147 MW; those are marketing/holding figures, not the consented data centre.",
        "power": {
          "grid_connection_mw": null,
          "it_load_mw": {
            "value": 72,
            "unit": "MW",
            "basis": "planning_doc",
            "source": "Appeal decision 3366043 / Inspector's Report: data centre designed to deliver an IT capacity of around 72 MW",
            "page": "IR (IT capacity ~72 MW)",
            "archived": null
          },
          "phase_1_mw": null,
          "max_proposed_mw": {
            "value": 72,
            "unit": "MW",
            "basis": "planning_doc",
            "source": "Appeal decision 3366043: consented data centre IT capacity ~72 MW (a separate 100 MW BESS is also consented)",
            "page": "IR/DL",
            "archived": null
          }
        },
        "water_litres_pa": null,
        "land": {
          "acres": {
            "value": 20.2,
            "unit": "acres",
            "basis": "planning_doc",
            "source": "Appeal decision 3366043: appeal site extends to approximately 8.16 hectares (~20.2 acres)",
            "page": "IR 11 / DL",
            "archived": null
          },
          "previous_use": "Part-greenfield / part-brownfield Manor Farm; open industrial storage on Phase 1 land (reported)",
          "land_type": "agricultural",
          "alc_grades": null
        },
        "grid_connection": null,
        "cooling": null,
        "claims_on_record": [],
        "operator_response": null,
        "timeline": [
          {
            "date": "2025-01",
            "event": "Tritax Big Box acquires Manor Farm for data-centre development (up to 147 MW stated)",
            "source": "https://www.datacenterdynamics.com/en/news/tritax-big-box-buys-74-acre-plot-for-data-center-near-heathrow-london/"
          },
          {
            "date": "2026-06-10",
            "event": "Secretary of State allows recovered appeal 3366043 (data centre + BESS)",
            "source": "https://www.gov.uk/government/publications/recovered-appeal-land-at-manor-farm-and-land-north-of-wraysbury-reservoir-poyle-road-slough-ref-3366043-10-june-2026"
          }
        ],
        "controversies": [
          {
            "summary": "Slough Council and objectors cited Green Belt / strategic gap between Slough and Greater London; need and alternatives disputed at inquiry",
            "source": "https://www.bbc.co.uk/news/articles/ckg0717xr3wo",
            "label": "procedural"
          }
        ],
        "sources": [
          {
            "label": "GOV.UK: recovered appeal decision 3366043",
            "url": "https://www.gov.uk/government/publications/recovered-appeal-land-at-manor-farm-and-land-north-of-wraysbury-reservoir-poyle-road-slough-ref-3366043-10-june-2026",
            "archived": "https://web.archive.org/web/20260630205814/https://www.gov.uk/government/publications/recovered-appeal-land-at-manor-farm-and-land-north-of-wraysbury-reservoir-poyle-road-slough-ref-3366043-10-june-2026"
          },
          {
            "label": "Appeal decision 3366043: combined DL + Inspector's Report (PDF)",
            "url": "https://assets.publishing.service.gov.uk/media/6a292d6edb0592d809052b94/260610_Combined_DL_IR_RtoC_-_Manor_Farm_Slough_-_3366043.pdf",
            "archived": null
          },
          {
            "label": "DCD: 147 MW Slough approval",
            "url": "https://www.datacenterdynamics.com/en/news/147mw-slough-data-center-receives-approval-from-uk-government/",
            "archived": "https://web.archive.org/web/20260715043157/https://www.datacenterdynamics.com/en/news/147mw-slough-data-center-receives-approval-from-uk-government/"
          },
          {
            "label": "BBC: Manor Farm go-ahead",
            "url": "https://www.bbc.co.uk/news/articles/ckg0717xr3wo",
            "archived": "https://web.archive.org/web/20260705122742/https://www.bbc.co.uk/news/articles/ckg0717xr3wo"
          }
        ],
        "last_reviewed": "2026-07-25",
        "operational_reality": "consented"
      }
    },
    {
      "type": "Feature",
      "geometry": {
        "type": "Point",
        "coordinates": [
          -0.548,
          51.512
        ]
      },
      "properties": {
        "id": "yondr-slough",
        "name": "Yondr London campus (Slough)",
        "operator": "Yondr Group",
        "status": "operating",
        "local_authority": "Slough Borough Council",
        "corridor": "west",
        "planning_ref": {
          "id": null,
          "url": null
        },
        "summary": "Hyperscale campus on the former Uxbridge Road gas works / Akzo Nobel paint factory in Slough. Operator materials describe about 100 MW across three buildings, with phases reported ready for service from 2024 onward. Mapped as operating from operator or third-party records; no council planning-application URL is linked.",
        "power": {
          "grid_connection_mw": null,
          "it_load_mw": null,
          "phase_1_mw": null,
          "max_proposed_mw": {
            "value": 100,
            "unit": "MW",
            "basis": "stated",
            "source": "Yondr Group: 100 MW London campus in Slough",
            "page": null,
            "archived": null
          }
        },
        "water_litres_pa": null,
        "land": {
          "acres": null,
          "previous_use": "Former gas works / paint factory (reported)",
          "land_type": "brownfield",
          "alc_grades": null
        },
        "grid_connection": null,
        "cooling": null,
        "claims_on_record": [],
        "operator_response": null,
        "timeline": [
          {
            "date": "2024-06",
            "event": "Operator reports first building ready for service on Slough campus",
            "source": "https://www.datacenterdynamics.com/en/news/yondr-launches-latest-data-center-in-slough-uk/"
          },
          {
            "date": "2024-08",
            "event": "Planning permission for third building (Building C, about 40 MW) reported granted by Slough Borough Council",
            "source": "https://www.datacenterdynamics.com/en/news/yondr-granted-planning-permission-for-third-data-center-at-slough-uk-campus/"
          }
        ],
        "controversies": [],
        "sources": [
          {
            "label": "Yondr: third building RFS on 100 MW London campus",
            "url": "https://www.yondrgroup.com/newsroom/press-release/yondr-achieves-first-rfs-for-third-data-center-on-100mw-london-campus/",
            "archived": null
          },
          {
            "label": "DCD: Yondr third building permission",
            "url": "https://www.datacenterdynamics.com/en/news/yondr-granted-planning-permission-for-third-data-center-at-slough-uk-campus/",
            "archived": "https://web.archive.org/web/20251219111536/https://www.datacenterdynamics.com/en/news/yondr-granted-planning-permission-for-third-data-center-at-slough-uk-campus/"
          }
        ],
        "last_reviewed": "2026-07-20",
        "operational_reality": "operating"
      }
    },
    {
      "type": "Feature",
      "geometry": {
        "type": "Point",
        "coordinates": [
          -0.275,
          51.532
        ]
      },
      "properties": {
        "id": "pure-premier-park",
        "name": "Pure DC / SEGRO Premier Park (Park Royal)",
        "operator": "Pure Data Centres / SEGRO JV",
        "status": "proposed",
        "local_authority": "Old Oak and Park Royal Development Corporation",
        "corridor": "west",
        "planning_ref": {
          "id": null,
          "url": null
        },
        "summary": "56 MW AI-ready data centre (LON02) at Premier Park, Park Royal, on a former warehouse site. Operator and press report OPDC planning committee approval in March 2026; about 70 MVA dedicated power via a new substation. Listed as proposed until a lasting OPDC / planning portal case page is linked.",
        "power": {
          "grid_connection_mw": {
            "value": 70,
            "unit": "MVA",
            "basis": "stated",
            "source": "Pure DC: approximately 70 MVA dedicated power via new substation",
            "page": null,
            "archived": null
          },
          "it_load_mw": {
            "value": 56,
            "unit": "MW",
            "basis": "stated",
            "source": "Pure DC / SEGRO: 56 MW Premier Park / LON02 data centre",
            "page": null,
            "archived": null
          },
          "phase_1_mw": null,
          "max_proposed_mw": {
            "value": 56,
            "unit": "MW",
            "basis": "stated",
            "source": "Pure DC / SEGRO joint-venture announcements (56 MW)",
            "page": null,
            "archived": null
          }
        },
        "water_litres_pa": null,
        "land": {
          "acres": {
            "value": 10,
            "unit": "acres",
            "basis": "stated",
            "source": "Pure DC / SEGRO: 10-acre Premier Park site",
            "page": null,
            "archived": null
          },
          "previous_use": "Warehouse previously used by Matchesfashion (reported)",
          "land_type": "industrial_active",
          "alc_grades": null
        },
        "grid_connection": {
          "summary": "Operator states about 70 MVA via a new dedicated substation.",
          "new_substation": true,
          "overhead_line_upgrades": null,
          "basis": "stated",
          "source": "Pure DC Park Royal site materials"
        },
        "cooling": {
          "claim": "Closed-loop liquid cooling for high-density / AI workloads; PUE about 1.2 targeted",
          "basis": "stated",
          "source": "https://puredc.com/2026/03/25/pure-data-centres-and-segro-joint-venture-receives-planning-committee-approval-for-premier-park-data-centre"
        },
        "claims_on_record": [],
        "operator_response": null,
        "timeline": [
          {
            "date": "2025-03",
            "event": "SEGRO and Pure DC announce JV for Park Royal data centre",
            "source": "https://puredc.com/our-london-park-royal-site"
          },
          {
            "date": "2026-03",
            "event": "OPDC planning committee approval reported for 56 MW Premier Park",
            "source": "https://puredc.com/2026/03/25/pure-data-centres-and-segro-joint-venture-receives-planning-committee-approval-for-premier-park-data-centre"
          }
        ],
        "controversies": [],
        "sources": [
          {
            "label": "Pure DC: Premier Park approval",
            "url": "https://puredc.com/2026/03/25/pure-data-centres-and-segro-joint-venture-receives-planning-committee-approval-for-premier-park-data-centre",
            "archived": "https://web.archive.org/web/20260421082358/https://puredc.com/2026/03/25/pure-data-centres-and-segro-joint-venture-receives-planning-committee-approval-for-premier-park-data-centre"
          },
          {
            "label": "Pure DC: Park Royal site",
            "url": "https://puredc.com/our-london-park-royal-site",
            "archived": "https://web.archive.org/web/20260723070003/https://puredc.com/our-london-park-royal-site"
          }
        ],
        "last_reviewed": "2026-07-20",
        "operational_reality": "consented"
      }
    },
    {
      "type": "Feature",
      "geometry": {
        "type": "Point",
        "coordinates": [
          0.01725,
          51.50328
        ]
      },
      "properties": {
        "id": "ada-docklands",
        "name": "Ada Infrastructure Docklands campus",
        "operator": "Ada Infrastructure (GLP Capital Partners)",
        "status": "proposed",
        "local_authority": "London Borough of Newham",
        "corridor": "east",
        "planning_ref": {
          "id": "24/02660/REM",
          "url": null
        },
        "summary": "210 MW campus (three 70 MW halls plus multi-function building) on the former Allnex paint factory site, West Silvertown / Royal Docks. Newham approval and reserved-matters progress reported 2024–2025; groundbreaking reported February 2026. Listed as proposed until a lasting Newham Public Access case URL (not only a reference number) is linked.",
        "power": {
          "grid_connection_mw": null,
          "it_load_mw": null,
          "phase_1_mw": {
            "value": 70,
            "unit": "MW",
            "basis": "stated",
            "source": "Ada Infrastructure: first of three 70 MW data centre buildings",
            "page": null,
            "archived": null
          },
          "max_proposed_mw": {
            "value": 210,
            "unit": "MW",
            "basis": "stated",
            "source": "Ada Infrastructure: 210 MW Docklands campus",
            "page": null,
            "archived": null
          }
        },
        "water_litres_pa": {
          "value": 0,
          "unit": "litres/year",
          "basis": "stated",
          "source": "Ada Infrastructure: air and liquid cooling 'without water evaporation' (water-free design, water-cooled chillers + dry air coolers). On-site evaporative cooling water eliminated per operator; indirect water at power generation not counted; not independently verified.",
          "page": null,
          "archived": null
        },
        "land": {
          "acres": null,
          "previous_use": "Former Allnex / paint factory, West Silvertown (vacant)",
          "land_type": "brownfield",
          "alc_grades": null
        },
        "grid_connection": null,
        "cooling": {
          "claim": "Air and liquid cooling without water evaporation; district-heat interconnection provisions stated",
          "basis": "stated",
          "source": "https://adainfrastructure.com/en-US/insights/news/ada-infrastructure-approved-to-develop-210-mw-data-center-campus-in-east-londons-royal-docks"
        },
        "claims_on_record": [],
        "operator_response": null,
        "timeline": [
          {
            "date": "2024-06",
            "event": "Resolution to grant / approval for Docklands campus reported (Newham Strategic Development Committee)",
            "source": "https://adainfrastructure.com/en-US/insights/news/ada-infrastructure-approved-to-develop-210-mw-data-center-campus-in-east-londons-royal-docks"
          },
          {
            "date": "2024-12",
            "event": "Reserved matters / detailed permissions progress reported; RMA 24/02660/REM cited for multi-function building",
            "source": "https://www.royaldocks.london/articles/docklands-data-centre-campus-update"
          },
          {
            "date": "2026-02-26",
            "event": "Groundbreaking reported for first 70 MW building",
            "source": "https://adainfrastructure.com/en-US/insights/news/ada-infrastructure-celebrates-groundbreaking-of-its-210-megawatt-docklands-data-center-campus-in-london"
          }
        ],
        "controversies": [],
        "sources": [
          {
            "label": "Ada: 210 MW Docklands approval",
            "url": "https://adainfrastructure.com/en-US/insights/news/ada-infrastructure-approved-to-develop-210-mw-data-center-campus-in-east-londons-royal-docks",
            "archived": "https://web.archive.org/web/20250727053448/https://adainfrastructure.com/en-US/insights/news/ada-infrastructure-approved-to-develop-210-mw-data-center-campus-in-east-londons-royal-docks"
          },
          {
            "label": "Ada Docklands project site",
            "url": "https://www.adadocklands.co.uk/",
            "archived": "https://web.archive.org/web/20260214075324/https://www.adadocklands.co.uk/"
          },
          {
            "label": "Royal Docks: campus update (cites 24/02660/REM)",
            "url": "https://www.royaldocks.london/articles/docklands-data-centre-campus-update",
            "archived": "https://web.archive.org/web/20260513041416/https://royaldocks.london/articles/docklands-data-centre-campus-update"
          }
        ],
        "last_reviewed": "2026-07-20",
        "operational_reality": "under_construction"
      }
    },
    {
      "type": "Feature",
      "geometry": {
        "type": "Point",
        "coordinates": [
          0.012,
          51.518
        ]
      },
      "properties": {
        "id": "bidder-street-canning-town",
        "name": "Bidder Street data centre (Canning Town)",
        "operator": "Undisclosed (application on former EMR site)",
        "status": "in_planning",
        "local_authority": "London Borough of Newham",
        "corridor": "east",
        "planning_ref": {
          "id": "24/00088/FUL",
          "url": "https://pa.newham.gov.uk/online-applications/applicationDetails.do?activeTab=summary&keyVal=S7B5SDJYHK500"
        },
        "summary": "Full application for a data centre (Use Class B8) with plant building and energy centre on the former EMR site, Bidder Street, Canning Town. Accompanied by an Environmental Statement. Megawatt capacity not extracted from documents reviewed so far; pin is approximate pending red-line check.",
        "power": {
          "grid_connection_mw": null,
          "it_load_mw": null,
          "phase_1_mw": null,
          "max_proposed_mw": null
        },
        "water_litres_pa": null,
        "land": {
          "acres": null,
          "previous_use": "Former EMR site, Bidder Street, Canning Town",
          "land_type": "brownfield",
          "alc_grades": null
        },
        "grid_connection": {
          "summary": "Energy centre included in the application description. Campus megawatt figure not yet recorded here.",
          "new_substation": null,
          "overhead_line_upgrades": null,
          "basis": "planning_doc",
          "source": "Newham Public Access 24/00088/FUL description"
        },
        "cooling": null,
        "claims_on_record": [],
        "operator_response": null,
        "timeline": [
          {
            "date": "2024-01",
            "event": "Application 24/00088/FUL registered on Newham Public Access (documents dated mid-January 2024)",
            "source": "https://pa.newham.gov.uk/online-applications/applicationDetails.do?activeTab=summary&keyVal=S7B5SDJYHK500"
          }
        ],
        "controversies": [],
        "sources": [
          {
            "label": "Newham Public Access: 24/00088/FUL",
            "url": "https://pa.newham.gov.uk/online-applications/applicationDetails.do?activeTab=summary&keyVal=S7B5SDJYHK500",
            "archived": null
          }
        ],
        "last_reviewed": "2026-07-20",
        "operational_reality": "pipeline"
      }
    },
    {
      "type": "Feature",
      "geometry": {
        "type": "Point",
        "coordinates": [
          -0.073,
          51.52
        ]
      },
      "properties": {
        "id": "truman-grey-eagle",
        "name": "Truman Brewery data centre (Grey Eagle Street)",
        "operator": "Truman Estates / Grow Places (reported)",
        "status": "approved",
        "local_authority": "London Borough of Tower Hamlets",
        "corridor": "inner",
        "planning_ref": {
          "id": "PA/24/01450",
          "url": "https://www.gov.uk/government/publications/recovered-appeal-sites-on-and-around-the-site-of-truman-brewery-tower-hamlets-london-refs-3367041-3367172-3367179-and-3367369-29-july-2026"
        },
        "summary": "About 5,200 m² Use Class B8 data centre at Grey Eagle Street / Calvin Street within the Truman Brewery complex, Brick Lane. Tower Hamlets refused / would have refused at committee; the appeals were recovered for the Secretary of State, who allowed them on 29 July 2026 (Minister Matthew Pennycook on behalf of the SoS), granting planning permission. Press cites about 4–5.2 MW peak. Local opposition gathered 3,600+ signatures.",
        "power": {
          "grid_connection_mw": null,
          "it_load_mw": null,
          "phase_1_mw": null,
          "max_proposed_mw": {
            "value": 4,
            "unit": "MW",
            "basis": "stated",
            "source": "Press reporting of Grow Places / Truman scheme power need (about 4 MW); some reporting cites about 5.2 MW peak",
            "page": null,
            "archived": null
          }
        },
        "water_litres_pa": null,
        "land": {
          "acres": null,
          "previous_use": "Derelict brewery storage buildings, Brick Lane Conservation Area",
          "land_type": "brownfield",
          "alc_grades": null
        },
        "grid_connection": null,
        "cooling": null,
        "claims_on_record": [],
        "operator_response": null,
        "timeline": [
          {
            "date": "2024-08",
            "event": "PA/24/01450 validated (Grey Eagle Street data centre)",
            "source": "https://towerhamlets.moderngov.co.uk/documents/g16650/Public%20reports%20pack%2031st-Jul-2025%2018.30%20Strategic%20Development%20Committee.pdf?T=10"
          },
          {
            "date": "2025-07-31",
            "event": "Strategic Development Committee: would have refused if determining (non-determination appeal)",
            "source": "https://towerhamlets.moderngov.co.uk/mgConvert2PDF.aspx?ID=262653"
          },
          {
            "date": "2025-10",
            "event": "Secretary of State call-in of Truman Brewery appeals reported",
            "source": "https://www.timeout.com/london/news/controversial-development-plans-have-been-revealed-for-brick-lanes-legendary-truman-brewery-011726"
          },
          {
            "date": "2026-07-29",
            "event": "Secretary of State allows recovered appeals (Truman Brewery sites, incl. Grey Eagle Street B8 data centre PA/24/01450)",
            "source": "https://www.gov.uk/government/publications/recovered-appeal-sites-on-and-around-the-site-of-truman-brewery-tower-hamlets-london-refs-3367041-3367172-3367179-and-3367369-29-july-2026"
          }
        ],
        "controversies": [
          {
            "summary": "Large local opposition and petitions; conflict framed as housing need vs data centre / estate redevelopment in Banglatown / Brick Lane",
            "source": "https://www.eastendreview.co.uk/truman-brewery-data-centre-save-brick-lane/",
            "label": "campaign"
          }
        ],
        "sources": [
          {
            "label": "Tower Hamlets committee pack (PA/24/01450)",
            "url": "https://towerhamlets.moderngov.co.uk/documents/g16650/Public%20reports%20pack%2031st-Jul-2025%2018.30%20Strategic%20Development%20Committee.pdf?T=10",
            "archived": null
          },
          {
            "label": "Appeal decision 3367041/3367172/3367179/3367369: combined DL + Inspector's Report (PDF)",
            "url": "https://assets.publishing.service.gov.uk/media/6a69fa932c4b5ba9d1242a71/260729_Combined_DL_IR_RtoC___Truman_Brewery__Tower_Hamlets___3367041__3367172__3367179_and_3367369.pdf",
            "archived": null
          },
          {
            "label": "East End Review: Save Brick Lane",
            "url": "https://www.eastendreview.co.uk/truman-brewery-data-centre-save-brick-lane/",
            "archived": "https://web.archive.org/web/20260419055709/https://www.eastendreview.co.uk/truman-brewery-data-centre-save-brick-lane/"
          },
          {
            "label": "GOV.UK: recovered appeal decision (Truman Brewery, 29 July 2026)",
            "url": "https://www.gov.uk/government/publications/recovered-appeal-sites-on-and-around-the-site-of-truman-brewery-tower-hamlets-london-refs-3367041-3367172-3367179-and-3367369-29-july-2026",
            "archived": null
          },
          {
            "label": "DCD: UK government approves 5.2 MW Truman Brewery data centre",
            "url": "https://www.datacenterdynamics.com/en/news/uk-government-approves-controversial-52mw-truman-brewery-data-center-proposal/",
            "archived": null
          }
        ],
        "last_reviewed": "2026-08-07",
        "operational_reality": "consented"
      }
    },
    {
      "type": "Feature",
      "geometry": {
        "type": "Point",
        "coordinates": [
          -0.6337,
          51.524
        ]
      },
      "properties": {
        "id": "equinix-slough-campus",
        "name": "Equinix Slough campus",
        "operator": "Equinix",
        "status": "operating",
        "local_authority": "Slough Borough Council",
        "corridor": "west",
        "summary": "Multi-building IBX campus on the Slough Trading Estate (Buckingham Avenue area), commonly treated as London's densest interconnection cluster west of Docklands. Capacity is itemized on the individually mapped halls (LD4/LD5/LD6/LD7/LD10/LD13x — about 75 MW IT disclosed, LD7 not disclosed). This campus pin aggregates individually mapped halls; it is flagged role \"aggregate\" and excluded from the map, the regional total, and the sites/compare tables to avoid double-counting; the individual halls carry the capacity.",
        "power": {
          "grid_connection_mw": null,
          "it_load_mw": null,
          "phase_1_mw": null,
          "max_proposed_mw": null
        },
        "land": {
          "acres": null,
          "previous_use": "Slough Trading Estate industrial plots",
          "land_type": "industrial_active",
          "alc_grades": null
        },
        "timeline": [
          {
            "date": "2007",
            "event": "LD4 opened on Buckingham Avenue (former IXEurope era)",
            "source": "https://www.colo-x.com/data-centre/equinix-ld4-slough/"
          },
          {
            "date": "2010",
            "event": "LD5 opened",
            "source": "https://www.colo-x.com/data-centre/equinix-ld5-slough/"
          },
          {
            "date": "2015",
            "event": "LD6 opened opposite LD4",
            "source": "https://www.colo-x.com/data-centre/equinix-ld6-slough/"
          }
        ],
        "sources": [
          {
            "label": "Colo-X: Equinix LD4",
            "url": "https://www.colo-x.com/data-centre/equinix-ld4-slough/",
            "archived": "https://web.archive.org/web/20240408163434/https://www.colo-x.com/data-centre/equinix-ld4-slough/"
          },
          {
            "label": "Colo-X: Equinix LD5",
            "url": "https://www.colo-x.com/data-centre/equinix-ld5-slough/",
            "archived": "https://web.archive.org/web/20260724011252/https://www.colo-x.com/data-centre/equinix-ld5-slough/"
          },
          {
            "label": "Brightlio UK largest DCs (campus MW summary)",
            "url": "https://brightlio.com/data-centres-in-uk/",
            "archived": "https://web.archive.org/web/20260517063840/https://brightlio.com/data-centres-in-uk/"
          }
        ],
        "planning_ref": {
          "id": null,
          "url": null
        },
        "water_litres_pa": null,
        "grid_connection": null,
        "cooling": null,
        "claims_on_record": [],
        "operator_response": null,
        "controversies": [],
        "last_reviewed": "2026-07-25",
        "role": "aggregate",
        "operational_reality": "operating"
      }
    },
    {
      "type": "Feature",
      "geometry": {
        "type": "Point",
        "coordinates": [
          -0.62135,
          51.52271
        ]
      },
      "properties": {
        "id": "virtus-london4-slough",
        "name": "VIRTUS LONDON4 (Slough)",
        "operator": "VIRTUS Data Centres (STT GDC)",
        "status": "operating",
        "local_authority": "Slough Borough Council",
        "corridor": "west",
        "summary": "VIRTUS Slough campus building LONDON4. Operator spec sheet states 27 MW of IT load and over 10,600 m² net technical space. Mapped as operating from operator or third-party records; no council planning-application URL is linked.",
        "power": {
          "grid_connection_mw": {
            "value": 40,
            "unit": "MVA",
            "basis": "stated",
            "source": "VIRTUS LONDON4 spec sheet: 40 MVA incoming diversely routed supply",
            "page": null,
            "archived": null
          },
          "it_load_mw": {
            "value": 27,
            "unit": "MW",
            "basis": "stated",
            "source": "VIRTUS LONDON4 spec sheet: 27 MW of IT load",
            "page": null,
            "archived": null
          },
          "phase_1_mw": null,
          "max_proposed_mw": {
            "value": 27,
            "unit": "MW",
            "basis": "stated",
            "source": "VIRTUS LONDON4: 27 MW IT load",
            "page": null,
            "archived": null
          }
        },
        "land": {
          "acres": null,
          "previous_use": "Slough data-centre campus / industrial",
          "land_type": "industrial_active",
          "alc_grades": null
        },
        "timeline": [],
        "sources": [
          {
            "label": "VIRTUS LONDON4 spec sheet (PDF)",
            "url": "https://virtusdatacentres.com/images/022025-sepc-specsheets/virtus_spec_sheet_london4.pdf",
            "archived": "https://web.archive.org/web/20250518201202/https://virtusdatacentres.com/images/022025-sepc-specsheets/virtus_spec_sheet_london4.pdf"
          }
        ],
        "planning_ref": {
          "id": null,
          "url": null
        },
        "water_litres_pa": null,
        "grid_connection": null,
        "cooling": null,
        "claims_on_record": [],
        "operator_response": null,
        "controversies": [],
        "last_reviewed": "2026-07-20",
        "operational_reality": "operating"
      }
    },
    {
      "type": "Feature",
      "geometry": {
        "type": "Point",
        "coordinates": [
          -0.62394,
          51.52305
        ]
      },
      "properties": {
        "id": "cyrusone-lon1-slough",
        "name": "CyrusOne LON1 (Slough)",
        "operator": "CyrusOne",
        "status": "operating",
        "local_authority": "Slough Borough Council",
        "corridor": "west",
        "summary": "Purpose-built colocation at 12 Liverpool Road, Slough. Operator datasheet states 8.72 MW IT capacity across about 4,309 m² technical space. Mapped as operating from operator or third-party records; no council planning-application URL is linked.",
        "power": {
          "grid_connection_mw": {
            "value": 15,
            "unit": "MVA",
            "basis": "stated",
            "source": "CyrusOne LON1: Active/Active dual redundant supplies of 15 MVA",
            "page": null,
            "archived": null
          },
          "it_load_mw": {
            "value": 8.72,
            "unit": "MW",
            "basis": "stated",
            "source": "CyrusOne LON1 datasheet: 8.72 MW IT capacity",
            "page": null,
            "archived": null
          },
          "phase_1_mw": null,
          "max_proposed_mw": {
            "value": 8.72,
            "unit": "MW",
            "basis": "stated",
            "source": "CyrusOne LON1: 8.72 MW IT",
            "page": null,
            "archived": null
          }
        },
        "land": {
          "acres": null,
          "previous_use": "Slough Trading Estate / Liverpool Road industrial",
          "land_type": "industrial_active",
          "alc_grades": null
        },
        "timeline": [],
        "sources": [
          {
            "label": "CyrusOne LON1",
            "url": "https://www.cyrusone.com/data-centers/emea/london-uk-lon1",
            "archived": "https://web.archive.org/web/20260704082537/https://www.cyrusone.com/data-centers/emea/london-uk-lon1"
          }
        ],
        "planning_ref": {
          "id": null,
          "url": null
        },
        "water_litres_pa": null,
        "grid_connection": null,
        "cooling": null,
        "claims_on_record": [],
        "operator_response": null,
        "controversies": [],
        "last_reviewed": "2026-07-20",
        "operational_reality": "operating"
      }
    },
    {
      "type": "Feature",
      "geometry": {
        "type": "Point",
        "coordinates": [
          0.155,
          51.555
        ]
      },
      "properties": {
        "id": "ntt-london1-dagenham",
        "name": "NTT London 1 (Dagenham)",
        "operator": "NTT Global Data Centers",
        "status": "operating",
        "local_authority": "London Borough of Barking and Dagenham",
        "corridor": "east",
        "summary": "Carrier-neutral campus at Yew Tree Avenue, Dagenham. Operator states 32 MW critical IT load in the first building (64 MW once fully built out) with an on-site substation delivering 80 MVA. Mapped as operating from operator or third-party records; no council planning-application URL is linked.",
        "power": {
          "grid_connection_mw": {
            "value": 80,
            "unit": "MVA",
            "basis": "stated",
            "source": "NTT London 1: on-site substation delivering 80 MVA",
            "page": null,
            "archived": null
          },
          "it_load_mw": {
            "value": 32,
            "unit": "MW",
            "basis": "stated",
            "source": "NTT London 1: 32 MW critical IT load (first building)",
            "page": null,
            "archived": null
          },
          "phase_1_mw": {
            "value": 32,
            "unit": "MW",
            "basis": "stated",
            "source": "NTT London 1 first building IT load",
            "page": null,
            "archived": null
          },
          "max_proposed_mw": {
            "value": 64,
            "unit": "MW",
            "basis": "stated",
            "source": "NTT London 1: 64 MW critical IT load once fully built out",
            "page": null,
            "archived": null
          }
        },
        "land": {
          "acres": null,
          "previous_use": "Dagenham industrial / campus land",
          "land_type": "industrial_active",
          "alc_grades": null
        },
        "timeline": [],
        "sources": [
          {
            "label": "NTT London 1 Data Center",
            "url": "https://services.global.ntt/en-us/services-and-products/global-data-centers/global-locations/emea/london-1-data-center",
            "archived": "https://web.archive.org/web/20260421222836/https://services.global.ntt/en-us/services-and-products/global-data-centers/global-locations/emea/london-1-data-center"
          }
        ],
        "planning_ref": {
          "id": null,
          "url": null
        },
        "water_litres_pa": null,
        "grid_connection": null,
        "cooling": null,
        "claims_on_record": [],
        "operator_response": null,
        "controversies": [],
        "last_reviewed": "2026-07-20",
        "operational_reality": "operating"
      }
    },
    {
      "type": "Feature",
      "geometry": {
        "type": "Point",
        "coordinates": [
          -0.00143,
          51.51163
        ]
      },
      "properties": {
        "id": "telehouse-docklands",
        "name": "Telehouse Docklands campus",
        "operator": "Telehouse (KDDI)",
        "status": "operating",
        "local_authority": "London Borough of Tower Hamlets",
        "corridor": "east",
        "summary": "Historic Docklands interconnection campus and long-standing LINX home (North, East, West, North Two and further expansions). No single reliable campus megawatt figure — individual buildings are mapped and sized separately (see North Two, West, West Two). This campus pin aggregates individually mapped halls; it is flagged role \"aggregate\" and excluded from the map, the regional total, and the sites/compare tables to avoid double-counting; the individual halls carry the capacity. Mapped as operating from operator or third-party records; no council planning-application URL is linked.",
        "power": {
          "grid_connection_mw": null,
          "it_load_mw": null,
          "phase_1_mw": null,
          "max_proposed_mw": null
        },
        "land": {
          "acres": null,
          "previous_use": "Docklands industrial / warehouse conversion campus",
          "land_type": "industrial_active",
          "alc_grades": null
        },
        "timeline": [],
        "sources": [
          {
            "label": "Brightlio: Telehouse Docklands among UK largest",
            "url": "https://brightlio.com/data-centres-in-uk/",
            "archived": "https://web.archive.org/web/20260517063840/https://brightlio.com/data-centres-in-uk/"
          }
        ],
        "planning_ref": {
          "id": null,
          "url": null
        },
        "water_litres_pa": null,
        "grid_connection": null,
        "cooling": null,
        "claims_on_record": [],
        "operator_response": null,
        "controversies": [],
        "last_reviewed": "2026-07-20",
        "role": "aggregate",
        "operational_reality": "operating"
      }
    },
    {
      "type": "Feature",
      "geometry": {
        "type": "Point",
        "coordinates": [
          -0.0035,
          51.51094
        ]
      },
      "properties": {
        "id": "global-switch-london-east",
        "name": "Global Switch London East",
        "operator": "Global Switch",
        "status": "operating",
        "local_authority": "London Borough of Tower Hamlets",
        "corridor": "east",
        "summary": "Large Docklands wholesale/colocation hall (GS2). Operator materials describe about 45 MW of power and cooling delivered and ~43 MW of utility supply; a high-density upgrade targets ~74 MW. The 87 MW figure widely quoted in directory summaries is total/gross capacity, not IT load, so it is not used as the headline. Mapped as operating from operator or third-party records; no council planning-application URL is linked.",
        "power": {
          "grid_connection_mw": null,
          "it_load_mw": null,
          "phase_1_mw": null,
          "max_proposed_mw": {
            "value": 45,
            "unit": "MW",
            "basis": "stated",
            "source": "Global Switch London East: about 45 MW of power and cooling delivered (~43 MW utility supply). The commonly-cited 87 MW is total/gross capacity; a high-density upgrade targets ~74 MW.",
            "page": null,
            "archived": null
          }
        },
        "land": {
          "acres": null,
          "previous_use": "Docklands data-centre campus",
          "land_type": "industrial_active",
          "alc_grades": null
        },
        "timeline": [],
        "sources": [
          {
            "label": "EXN: Global Switch 2 (London East)",
            "url": "https://www.exn.uk/data-centres/global-switch-2-london-east/",
            "archived": null
          },
          {
            "label": "Global Switch: London data centres",
            "url": "https://www.globalswitch.com/data-centres/london/",
            "archived": null
          }
        ],
        "planning_ref": {
          "id": null,
          "url": null
        },
        "water_litres_pa": null,
        "grid_connection": null,
        "cooling": null,
        "claims_on_record": [],
        "operator_response": null,
        "controversies": [],
        "last_reviewed": "2026-07-25",
        "operational_reality": "operating"
      }
    },
    {
      "type": "Feature",
      "geometry": {
        "type": "Point",
        "coordinates": [
          -0.00557,
          51.51112
        ]
      },
      "properties": {
        "id": "global-switch-london-north",
        "name": "Global Switch London North",
        "operator": "Global Switch",
        "status": "operating",
        "local_authority": "London Borough of Tower Hamlets",
        "corridor": "east",
        "summary": "Docklands campus building London North. Secondary industry summaries state about 18 MW. Mapped as operating from operator or third-party records; no council planning-application URL is linked.",
        "power": {
          "grid_connection_mw": null,
          "it_load_mw": null,
          "phase_1_mw": null,
          "max_proposed_mw": {
            "value": 18,
            "unit": "MW",
            "basis": "stated",
            "source": "Secondary UK largest-DC summaries: Global Switch London North about 18 MW",
            "page": null,
            "archived": null
          }
        },
        "land": {
          "acres": null,
          "previous_use": "Docklands data-centre campus",
          "land_type": "industrial_active",
          "alc_grades": null
        },
        "timeline": [],
        "sources": [
          {
            "label": "Brightlio: Global Switch London",
            "url": "https://brightlio.com/data-centres-in-uk/",
            "archived": "https://web.archive.org/web/20260517063840/https://brightlio.com/data-centres-in-uk/"
          }
        ],
        "planning_ref": {
          "id": null,
          "url": null
        },
        "water_litres_pa": null,
        "grid_connection": null,
        "cooling": null,
        "claims_on_record": [],
        "operator_response": null,
        "controversies": [],
        "last_reviewed": "2026-07-20",
        "operational_reality": "operating"
      }
    },
    {
      "type": "Feature",
      "geometry": {
        "type": "Point",
        "coordinates": [
          -0.25923,
          51.53297
        ]
      },
      "properties": {
        "id": "vantage-lhr2-park-royal",
        "name": "Vantage London II (LHR2, Park Royal)",
        "operator": "Vantage Data Centers",
        "status": "operating",
        "local_authority": "Old Oak and Park Royal Development Corporation",
        "corridor": "west",
        "summary": "Vantage’s second London campus in Park Royal. Operator states 20 MW of critical IT load across about 194,000 sq ft. Mapped as operating from operator or third-party records; no council planning-application URL is linked.",
        "power": {
          "grid_connection_mw": null,
          "it_load_mw": {
            "value": 20,
            "unit": "MW",
            "basis": "stated",
            "source": "Vantage London II (LHR2): 20 MW critical IT load",
            "page": null,
            "archived": null
          },
          "phase_1_mw": null,
          "max_proposed_mw": {
            "value": 20,
            "unit": "MW",
            "basis": "stated",
            "source": "Vantage LHR2 operator: 20 MW IT capacity",
            "page": null,
            "archived": null
          }
        },
        "land": {
          "acres": null,
          "previous_use": "Park Royal industrial",
          "land_type": "industrial_active",
          "alc_grades": null
        },
        "timeline": [],
        "sources": [
          {
            "label": "Vantage London II (LHR2)",
            "url": "https://vantage-dc.com/data-center-locations/emea/london-ii-united-kingdom/",
            "archived": "https://web.archive.org/web/20260628143935/https://vantage-dc.com/data-center-locations/emea/london-ii-united-kingdom/"
          },
          {
            "label": "Vantage: second London campus opening",
            "url": "https://vantage-dc.com/news/vantage-data-centers-announces-opening-of-second-london-campus-with-landmark-public-art-installation/",
            "archived": "https://web.archive.org/web/20260511182836/https://vantage-dc.com/news/vantage-data-centers-announces-opening-of-second-london-campus-with-landmark-public-art-installation/"
          }
        ],
        "planning_ref": {
          "id": null,
          "url": null
        },
        "water_litres_pa": {
          "value": 0,
          "unit": "litres/year",
          "basis": "stated",
          "source": "Vantage operator standard: air-cooled chillers, closed-loop with water-side economisation, 'virtually no water for cooling'. London-specific figure not published; on-site cooling water only, indirect water at power generation not counted; not independently verified.",
          "page": null,
          "archived": null
        },
        "grid_connection": null,
        "cooling": null,
        "claims_on_record": [],
        "operator_response": null,
        "controversies": [],
        "last_reviewed": "2026-07-20",
        "operational_reality": "operating"
      }
    },
    {
      "type": "Feature",
      "geometry": {
        "type": "Point",
        "coordinates": [
          -0.61793,
          51.51645
        ]
      },
      "properties": {
        "id": "digital-realty-slough",
        "name": "Digital Realty Slough campus",
        "operator": "Digital Realty",
        "status": "operating",
        "local_authority": "Slough Borough Council",
        "corridor": "west",
        "summary": "Multi-site Digital Realty presence in the Slough Availability Zone (operator cites a London metro footprint of multiple facilities including Slough). Campus megawatt totals are not yet itemised here from a single operator disclosure. Location pin is approximate for the Slough Trading Estate cluster. Mapped as operating from operator or third-party records; no council planning-application URL is linked.",
        "power": {
          "grid_connection_mw": null,
          "it_load_mw": null,
          "phase_1_mw": null,
          "max_proposed_mw": null
        },
        "land": {
          "acres": null,
          "previous_use": "Slough Trading Estate / SAZ industrial",
          "land_type": "industrial_active",
          "alc_grades": null
        },
        "timeline": [
          {
            "date": "2024-07",
            "event": "Digital Realty reported acquiring further Slough data-centre capacity (metro footprint expansion)",
            "source": "https://www.mordorintelligence.com/industry-reports/london-data-center-market"
          }
        ],
        "sources": [
          {
            "label": "Digital Realty London overview",
            "url": "https://www.digitalrealty.com/data-centers/emea/london",
            "archived": "https://web.archive.org/web/20260604225511/https://www.digitalrealty.com/data-centers/emea/london"
          }
        ],
        "planning_ref": {
          "id": null,
          "url": null
        },
        "water_litres_pa": null,
        "grid_connection": null,
        "cooling": null,
        "claims_on_record": [],
        "operator_response": null,
        "controversies": [],
        "last_reviewed": "2026-07-20",
        "operational_reality": "operating"
      }
    },
    {
      "type": "Feature",
      "geometry": {
        "type": "Point",
        "coordinates": [
          -0.00055,
          51.5121
        ]
      },
      "properties": {
        "id": "telehouse-north-two",
        "name": "Telehouse North Two (Docklands)",
        "operator": "Telehouse (KDDI)",
        "status": "operating",
        "local_authority": "London Borough of Tower Hamlets",
        "corridor": "east",
        "summary": "Multi-storey Docklands hall within the Telehouse campus, in service from late 2016, with LINX presence. Operator / Colo-X put its IT load at about 16 MW (an earlier secondary summary of ~73 MW appears to have been a gross/building figure and is not used). Mapped as operating from operator or third-party records; no council planning-application URL is linked.",
        "power": {
          "grid_connection_mw": null,
          "it_load_mw": {
            "value": 16,
            "unit": "MW",
            "basis": "stated",
            "source": "Telehouse / Colo-X: North Two IT load about 16 MW",
            "page": null,
            "archived": null
          },
          "phase_1_mw": null,
          "max_proposed_mw": {
            "value": 16,
            "unit": "MW",
            "basis": "stated",
            "source": "Telehouse / Colo-X: North Two supports an IT load of about 16 MW (in service late 2016)",
            "page": null,
            "archived": null
          }
        },
        "land": {
          "acres": null,
          "previous_use": "Docklands Telehouse campus expansion",
          "land_type": "industrial_active",
          "alc_grades": null
        },
        "sources": [
          {
            "label": "Colo-X: Telehouse North Two",
            "url": "https://www.colo-x.com/data-centre/telehouse-north-two/",
            "archived": null
          }
        ],
        "planning_ref": {
          "id": null,
          "url": null
        },
        "water_litres_pa": null,
        "grid_connection": null,
        "cooling": null,
        "claims_on_record": [],
        "operator_response": null,
        "controversies": [],
        "timeline": [],
        "last_reviewed": "2026-07-25",
        "part_of": "telehouse-docklands",
        "operational_reality": "operating"
      }
    },
    {
      "type": "Feature",
      "geometry": {
        "type": "Point",
        "coordinates": [
          -0.45429,
          51.50954
        ]
      },
      "properties": {
        "id": "virtus-london5-stockley",
        "name": "VIRTUS LONDON5 (Stockley Park)",
        "operator": "VIRTUS Data Centres (STT GDC)",
        "status": "operating",
        "local_authority": "London Borough of Hillingdon",
        "corridor": "west",
        "summary": "VIRTUS Stockley Park campus building LONDON5 (Hayes fringe). Operator materials state 24 MW of IT load and over 10,000 m² net technical space. Mapped as operating from operator or third-party records; no council planning-application URL is linked.",
        "power": {
          "grid_connection_mw": {
            "value": 36,
            "unit": "MVA",
            "basis": "stated",
            "source": "VIRTUS LONDON5 spec sheet: 36 MVA incoming diversely routed supply",
            "page": null,
            "archived": null
          },
          "it_load_mw": {
            "value": 24,
            "unit": "MW",
            "basis": "stated",
            "source": "VIRTUS LONDON5: 24 MW of IT load",
            "page": null,
            "archived": null
          },
          "phase_1_mw": null,
          "max_proposed_mw": {
            "value": 24,
            "unit": "MW",
            "basis": "stated",
            "source": "VIRTUS LONDON5 operator: 24 MW IT load",
            "page": null,
            "archived": null
          }
        },
        "land": {
          "acres": null,
          "previous_use": "Stockley Park / Hayes industrial campus",
          "land_type": "industrial_active",
          "alc_grades": null
        },
        "sources": [
          {
            "label": "VIRTUS LONDON5 Stockley Park",
            "url": "https://virtusdatacentres.com/locations/uk/london/london5-stockley-park",
            "archived": "https://web.archive.org/web/20260215031258/https://virtusdatacentres.com/locations/uk/london/london5-stockley-park"
          },
          {
            "label": "VIRTUS LONDON5 spec sheet (PDF)",
            "url": "https://virtusdatacentres.com/images/022025-sepc-specsheets/virtus_spec_sheet_london5.pdf",
            "archived": "https://web.archive.org/web/20250518194242/https://virtusdatacentres.com/images/022025-sepc-specsheets/virtus_spec_sheet_london5.pdf"
          }
        ],
        "planning_ref": {
          "id": null,
          "url": null
        },
        "water_litres_pa": null,
        "grid_connection": null,
        "cooling": null,
        "claims_on_record": [],
        "operator_response": null,
        "controversies": [],
        "timeline": [],
        "last_reviewed": "2026-07-20",
        "operational_reality": "operating"
      }
    },
    {
      "type": "Feature",
      "geometry": {
        "type": "Point",
        "coordinates": [
          -0.265,
          51.528
        ]
      },
      "properties": {
        "id": "vantage-lhr1-powergate",
        "name": "Vantage London I (LHR1, PowerGate)",
        "operator": "Vantage Data Centers",
        "status": "operating",
        "local_authority": "London Borough of Ealing",
        "corridor": "west",
        "planning_ref": {
          "id": null,
          "url": null
        },
        "summary": "Vantage flagship London campus in the PowerGate / North Acton area. Operator states 55 MW of critical IT load once fully built across two multi-storey facilities on about five acres. Mapped as operating from operator or third-party records; no council planning-application URL is linked.",
        "power": {
          "grid_connection_mw": {
            "value": 80,
            "unit": "MVA",
            "basis": "stated",
            "source": "Vantage LHR1: HV substation support including about 80 MVA dedicated",
            "page": null,
            "archived": null
          },
          "it_load_mw": {
            "value": 55,
            "unit": "MW",
            "basis": "stated",
            "source": "Vantage London I (LHR1): 55 MW critical IT load at full campus",
            "page": null,
            "archived": null
          },
          "phase_1_mw": null,
          "max_proposed_mw": {
            "value": 55,
            "unit": "MW",
            "basis": "stated",
            "source": "Vantage LHR1 operator: 55 MW IT capacity once fully built",
            "page": null,
            "archived": null
          }
        },
        "water_litres_pa": {
          "value": 0,
          "unit": "litres/year",
          "basis": "stated",
          "source": "Vantage operator standard: air-cooled chillers, closed-loop with water-side economisation, 'virtually no water for cooling'. London-specific figure not published; on-site cooling water only, indirect water at power generation not counted; not independently verified.",
          "page": null,
          "archived": null
        },
        "land": {
          "acres": {
            "value": 5,
            "unit": "acres",
            "basis": "stated",
            "source": "Vantage LHR1: campus on five acres (two hectares)",
            "page": null,
            "archived": null
          },
          "previous_use": "PowerGate / North Acton industrial",
          "land_type": "industrial_active",
          "alc_grades": null
        },
        "grid_connection": null,
        "cooling": null,
        "claims_on_record": [],
        "operator_response": null,
        "timeline": [],
        "controversies": [],
        "sources": [
          {
            "label": "Vantage London I (LHR1)",
            "url": "https://vantage-dc.com/data-center-locations/emea/london-i-united-kingdom/",
            "archived": "https://web.archive.org/web/20260712082543/https://vantage-dc.com/data-center-locations/emea/london-i-united-kingdom/"
          }
        ],
        "last_reviewed": "2026-07-20",
        "operational_reality": "operating"
      }
    },
    {
      "type": "Feature",
      "geometry": {
        "type": "Point",
        "coordinates": [
          -0.63332,
          51.5268
        ]
      },
      "properties": {
        "id": "iron-mountain-lon1-slough",
        "name": "Iron Mountain LON-1 (Slough)",
        "operator": "Iron Mountain Data Centers",
        "status": "operating",
        "local_authority": "Slough Borough Council",
        "corridor": "west",
        "summary": "Iron Mountain LON-1 on Dundee Road in the Slough Trading Estate corridor. Operator London pages state about 8.7 MW total capacity and 10,400 m² at LON-1. Mapped as operating from operator or third-party records; no council planning-application URL is linked.",
        "power": {
          "grid_connection_mw": null,
          "it_load_mw": {
            "value": 8.7,
            "unit": "MW",
            "basis": "stated",
            "source": "Iron Mountain London data centres page: 10,400 m² / 8.7 MW at LON-1",
            "page": null,
            "archived": null
          },
          "phase_1_mw": null,
          "max_proposed_mw": {
            "value": 8.7,
            "unit": "MW",
            "basis": "stated",
            "source": "Iron Mountain: 8.7 MW at LON-1",
            "page": null,
            "archived": null
          }
        },
        "land": {
          "acres": null,
          "previous_use": "Former banking data centre (operator description)",
          "land_type": "industrial_active",
          "alc_grades": null
        },
        "timeline": [],
        "sources": [
          {
            "label": "Iron Mountain: London data centres",
            "url": "https://www.ironmountain.com/en-gb/data-centers/locations/london-data-center",
            "archived": "https://web.archive.org/web/20260207232021/https://www.ironmountain.com/en-gb/data-centers/locations/london-data-center"
          }
        ],
        "planning_ref": {
          "id": null,
          "url": null
        },
        "water_litres_pa": null,
        "grid_connection": null,
        "cooling": null,
        "claims_on_record": [],
        "operator_response": null,
        "controversies": [],
        "last_reviewed": "2026-07-20",
        "operational_reality": "operating"
      }
    },
    {
      "type": "Feature",
      "geometry": {
        "type": "Point",
        "coordinates": [
          -0.6339,
          51.5264
        ]
      },
      "properties": {
        "id": "iron-mountain-lon2-slough",
        "name": "Iron Mountain LON-2 (Slough)",
        "operator": "Iron Mountain Data Centers",
        "status": "operating",
        "local_authority": "Slough Borough Council",
        "corridor": "west",
        "summary": "Iron Mountain LON-2 on Buckingham Avenue, Slough Trading Estate. Operator London pages state about 27 MW capacity and 25,000 m² at LON-2. Mapped as operating from operator or third-party records; no council planning-application URL is linked.",
        "power": {
          "grid_connection_mw": null,
          "it_load_mw": {
            "value": 27,
            "unit": "MW",
            "basis": "stated",
            "source": "Iron Mountain London data centres page: 25,000 m² / 27 MW at LON-2",
            "page": null,
            "archived": null
          },
          "phase_1_mw": null,
          "max_proposed_mw": {
            "value": 27,
            "unit": "MW",
            "basis": "stated",
            "source": "Iron Mountain: 27 MW at LON-2",
            "page": null,
            "archived": null
          }
        },
        "land": {
          "acres": null,
          "previous_use": "Slough Trading Estate industrial plot",
          "land_type": "industrial_active",
          "alc_grades": null
        },
        "timeline": [],
        "sources": [
          {
            "label": "Iron Mountain: London data centres",
            "url": "https://www.ironmountain.com/en-gb/data-centers/locations/london-data-center",
            "archived": "https://web.archive.org/web/20260207232021/https://www.ironmountain.com/en-gb/data-centers/locations/london-data-center"
          }
        ],
        "planning_ref": {
          "id": null,
          "url": null
        },
        "water_litres_pa": null,
        "grid_connection": null,
        "cooling": null,
        "claims_on_record": [],
        "operator_response": null,
        "controversies": [],
        "last_reviewed": "2026-07-20",
        "operational_reality": "operating"
      }
    },
    {
      "type": "Feature",
      "geometry": {
        "type": "Point",
        "coordinates": [
          -0.6327,
          51.5272
        ]
      },
      "properties": {
        "id": "iron-mountain-lon3-slough",
        "name": "Iron Mountain LON-3 (Slough)",
        "operator": "Iron Mountain Data Centers",
        "status": "proposed",
        "local_authority": "Slough Borough Council",
        "corridor": "west",
        "summary": "Iron Mountain LON-3 on Buckingham Avenue, marketed as in development with expected completion in 2026. Operator pages state about 25 MW capacity and 5,220 m². Held at proposed until a lasting planning portal URL is linked.",
        "power": {
          "grid_connection_mw": null,
          "it_load_mw": {
            "value": 25,
            "unit": "MW",
            "basis": "stated",
            "source": "Iron Mountain London data centres page: 5,220 m² / 25 MW at LON-3",
            "page": null,
            "archived": null
          },
          "phase_1_mw": null,
          "max_proposed_mw": {
            "value": 25,
            "unit": "MW",
            "basis": "stated",
            "source": "Iron Mountain: 25 MW at LON-3",
            "page": null,
            "archived": null
          }
        },
        "land": {
          "acres": null,
          "previous_use": "Slough Trading Estate industrial plot",
          "land_type": "industrial_active",
          "alc_grades": null
        },
        "timeline": [
          {
            "date": "2026",
            "event": "Operator expects LON-3 completion in 2026",
            "source": "https://www.ironmountain.com/en-gb/data-centers/locations/london-data-center"
          }
        ],
        "sources": [
          {
            "label": "Iron Mountain: London data centres",
            "url": "https://www.ironmountain.com/en-gb/data-centers/locations/london-data-center",
            "archived": "https://web.archive.org/web/20260207232021/https://www.ironmountain.com/en-gb/data-centers/locations/london-data-center"
          }
        ],
        "planning_ref": {
          "id": null,
          "url": null
        },
        "water_litres_pa": null,
        "grid_connection": null,
        "cooling": null,
        "claims_on_record": [],
        "operator_response": null,
        "controversies": [],
        "last_reviewed": "2026-07-20",
        "operational_reality": "under_construction"
      }
    },
    {
      "type": "Feature",
      "geometry": {
        "type": "Point",
        "coordinates": [
          -0.62169,
          51.52205
        ]
      },
      "properties": {
        "id": "virtus-london3-slough",
        "name": "VIRTUS LONDON3 (Slough)",
        "operator": "VIRTUS Data Centres (STT GDC)",
        "status": "operating",
        "local_authority": "Slough Borough Council",
        "corridor": "west",
        "summary": "VIRTUS Slough campus building LONDON3. Operator site lists 7.2 MW IT load and 3,000 m² net technical space. Mapped as operating from operator or third-party records; no council planning-application URL is linked.",
        "power": {
          "grid_connection_mw": null,
          "it_load_mw": {
            "value": 7.2,
            "unit": "MW",
            "basis": "stated",
            "source": "VIRTUS Slough campus listing: LONDON3 7.2 MW",
            "page": null,
            "archived": null
          },
          "phase_1_mw": null,
          "max_proposed_mw": {
            "value": 7.2,
            "unit": "MW",
            "basis": "stated",
            "source": "VIRTUS LONDON3: 7.2 MW IT load",
            "page": null,
            "archived": null
          }
        },
        "land": {
          "acres": null,
          "previous_use": "Slough Trading Estate industrial plot",
          "land_type": "industrial_active",
          "alc_grades": null
        },
        "timeline": [],
        "sources": [
          {
            "label": "VIRTUS: LONDON3 Slough",
            "url": "https://virtusdatacentres.com/locations/uk/london/london-3-slough",
            "archived": "https://web.archive.org/web/20260422171025/https://virtusdatacentres.com/locations/uk/london/london-3-slough"
          },
          {
            "label": "VIRTUS: LONDON9 page (campus MW list)",
            "url": "https://virtusdatacentres.com/locations/uk/london/slough-london9",
            "archived": "https://web.archive.org/web/20260215011525/https://virtusdatacentres.com/locations/uk/london/slough-london9"
          }
        ],
        "planning_ref": {
          "id": null,
          "url": null
        },
        "water_litres_pa": null,
        "grid_connection": null,
        "cooling": null,
        "claims_on_record": [],
        "operator_response": null,
        "controversies": [],
        "last_reviewed": "2026-07-20",
        "operational_reality": "operating"
      }
    },
    {
      "type": "Feature",
      "geometry": {
        "type": "Point",
        "coordinates": [
          -0.61913,
          51.51886
        ]
      },
      "properties": {
        "id": "virtus-london9-slough",
        "name": "VIRTUS LONDON9 (Slough)",
        "operator": "VIRTUS Data Centres (STT GDC)",
        "status": "operating",
        "local_authority": "Slough Borough Council",
        "corridor": "west",
        "summary": "VIRTUS Slough campus building LONDON9. Operator states over 10,000 m² net technical space and 24 MW of IT load. Mapped as operating from operator or third-party records; no council planning-application URL is linked.",
        "power": {
          "grid_connection_mw": null,
          "it_load_mw": {
            "value": 24,
            "unit": "MW",
            "basis": "stated",
            "source": "VIRTUS LONDON9 page: 24 MW of IT load",
            "page": null,
            "archived": null
          },
          "phase_1_mw": null,
          "max_proposed_mw": {
            "value": 24,
            "unit": "MW",
            "basis": "stated",
            "source": "VIRTUS LONDON9: 24 MW IT load",
            "page": null,
            "archived": null
          }
        },
        "land": {
          "acres": null,
          "previous_use": "Slough Trading Estate industrial plot",
          "land_type": "industrial_active",
          "alc_grades": null
        },
        "timeline": [],
        "sources": [
          {
            "label": "VIRTUS: LONDON9 Slough",
            "url": "https://virtusdatacentres.com/locations/uk/london/slough-london9",
            "archived": "https://web.archive.org/web/20260215011525/https://virtusdatacentres.com/locations/uk/london/slough-london9"
          }
        ],
        "planning_ref": {
          "id": null,
          "url": null
        },
        "water_litres_pa": null,
        "grid_connection": null,
        "cooling": null,
        "claims_on_record": [],
        "operator_response": null,
        "controversies": [],
        "last_reviewed": "2026-07-20",
        "operational_reality": "operating"
      }
    },
    {
      "type": "Feature",
      "geometry": {
        "type": "Point",
        "coordinates": [
          -0.62093,
          51.52139
        ]
      },
      "properties": {
        "id": "virtus-london10-slough",
        "name": "VIRTUS LONDON10 (Slough)",
        "operator": "VIRTUS Data Centres (STT GDC)",
        "status": "operating",
        "local_authority": "Slough Borough Council",
        "corridor": "west",
        "summary": "VIRTUS Slough campus building LONDON10. Operator campus listing states 6.6 MW IT load and 3,000 m² net technical space. Mapped as operating from operator or third-party records; no council planning-application URL is linked.",
        "power": {
          "grid_connection_mw": null,
          "it_load_mw": {
            "value": 6.6,
            "unit": "MW",
            "basis": "stated",
            "source": "VIRTUS Slough campus listing: LONDON10 6.6 MW",
            "page": null,
            "archived": null
          },
          "phase_1_mw": null,
          "max_proposed_mw": {
            "value": 6.6,
            "unit": "MW",
            "basis": "stated",
            "source": "VIRTUS LONDON10: 6.6 MW IT load",
            "page": null,
            "archived": null
          }
        },
        "land": {
          "acres": null,
          "previous_use": "Slough Trading Estate industrial plot",
          "land_type": "industrial_active",
          "alc_grades": null
        },
        "timeline": [],
        "sources": [
          {
            "label": "VIRTUS: LONDON9 page (campus MW list)",
            "url": "https://virtusdatacentres.com/locations/uk/london/slough-london9",
            "archived": "https://web.archive.org/web/20260215011525/https://virtusdatacentres.com/locations/uk/london/slough-london9"
          }
        ],
        "planning_ref": {
          "id": null,
          "url": null
        },
        "water_litres_pa": null,
        "grid_connection": null,
        "cooling": null,
        "claims_on_record": [],
        "operator_response": null,
        "controversies": [],
        "last_reviewed": "2026-07-20",
        "operational_reality": "operating"
      }
    },
    {
      "type": "Feature",
      "geometry": {
        "type": "Point",
        "coordinates": [
          -0.62625,
          51.51895
        ]
      },
      "properties": {
        "id": "virtus-london11-slough",
        "name": "VIRTUS LONDON11 (Slough)",
        "operator": "VIRTUS Data Centres (STT GDC)",
        "status": "operating",
        "local_authority": "Slough Borough Council",
        "corridor": "west",
        "summary": "VIRTUS Slough campus building LONDON11. Operator campus listing states 13 MW IT load and 5,500 m² net technical space. Mapped as operating from operator or third-party records; no council planning-application URL is linked.",
        "power": {
          "grid_connection_mw": null,
          "it_load_mw": {
            "value": 13,
            "unit": "MW",
            "basis": "stated",
            "source": "VIRTUS Slough campus listing: LONDON11 13 MW",
            "page": null,
            "archived": null
          },
          "phase_1_mw": null,
          "max_proposed_mw": {
            "value": 13,
            "unit": "MW",
            "basis": "stated",
            "source": "VIRTUS LONDON11: 13 MW IT load",
            "page": null,
            "archived": null
          }
        },
        "land": {
          "acres": null,
          "previous_use": "Slough Trading Estate industrial plot",
          "land_type": "industrial_active",
          "alc_grades": null
        },
        "timeline": [],
        "sources": [
          {
            "label": "VIRTUS: LONDON9 page (campus MW list)",
            "url": "https://virtusdatacentres.com/locations/uk/london/slough-london9",
            "archived": "https://web.archive.org/web/20260215011525/https://virtusdatacentres.com/locations/uk/london/slough-london9"
          }
        ],
        "planning_ref": {
          "id": null,
          "url": null
        },
        "water_litres_pa": null,
        "grid_connection": null,
        "cooling": null,
        "claims_on_record": [],
        "operator_response": null,
        "controversies": [],
        "last_reviewed": "2026-07-20",
        "operational_reality": "operating"
      }
    },
    {
      "type": "Feature",
      "geometry": {
        "type": "Point",
        "coordinates": [
          -0.6186,
          51.5194
        ]
      },
      "properties": {
        "id": "virtus-london12-slough",
        "name": "VIRTUS LONDON12 (Slough)",
        "operator": "VIRTUS Data Centres (STT GDC)",
        "status": "operating",
        "local_authority": "Slough Borough Council",
        "corridor": "west",
        "summary": "VIRTUS Slough campus building LONDON12. Operator campus listing states 21 MW IT load and 7,800 m² net technical space. Mapped as operating from operator or third-party records; no council planning-application URL is linked.",
        "power": {
          "grid_connection_mw": null,
          "it_load_mw": {
            "value": 21,
            "unit": "MW",
            "basis": "stated",
            "source": "VIRTUS Slough campus listing: LONDON12 21 MW",
            "page": null,
            "archived": null
          },
          "phase_1_mw": null,
          "max_proposed_mw": {
            "value": 21,
            "unit": "MW",
            "basis": "stated",
            "source": "VIRTUS LONDON12: 21 MW IT load",
            "page": null,
            "archived": null
          }
        },
        "land": {
          "acres": null,
          "previous_use": "Slough Trading Estate industrial plot",
          "land_type": "industrial_active",
          "alc_grades": null
        },
        "timeline": [],
        "sources": [
          {
            "label": "VIRTUS: LONDON9 page (campus MW list)",
            "url": "https://virtusdatacentres.com/locations/uk/london/slough-london9",
            "archived": "https://web.archive.org/web/20260215011525/https://virtusdatacentres.com/locations/uk/london/slough-london9"
          }
        ],
        "planning_ref": {
          "id": null,
          "url": null
        },
        "water_litres_pa": null,
        "grid_connection": null,
        "cooling": null,
        "claims_on_record": [],
        "operator_response": null,
        "controversies": [],
        "last_reviewed": "2026-07-20",
        "operational_reality": "operating"
      }
    },
    {
      "type": "Feature",
      "geometry": {
        "type": "Point",
        "coordinates": [
          -0.6223,
          51.5217
        ]
      },
      "properties": {
        "id": "virtus-london19-slough",
        "name": "VIRTUS LONDON19 (Slough)",
        "operator": "VIRTUS Data Centres (STT GDC)",
        "status": "operating",
        "local_authority": "Slough Borough Council",
        "corridor": "west",
        "summary": "VIRTUS Slough campus building LONDON19. Operator campus listing states 32.5 MW. Mapped as operating from operator or third-party records; no council planning-application URL is linked.",
        "power": {
          "grid_connection_mw": null,
          "it_load_mw": {
            "value": 32.5,
            "unit": "MW",
            "basis": "stated",
            "source": "VIRTUS Slough campus listing: LONDON19 32.5 MW",
            "page": null,
            "archived": null
          },
          "phase_1_mw": null,
          "max_proposed_mw": {
            "value": 32.5,
            "unit": "MW",
            "basis": "stated",
            "source": "VIRTUS LONDON19: 32.5 MW",
            "page": null,
            "archived": null
          }
        },
        "land": {
          "acres": null,
          "previous_use": "Slough Trading Estate industrial plot",
          "land_type": "industrial_active",
          "alc_grades": null
        },
        "timeline": [],
        "sources": [
          {
            "label": "VIRTUS: LONDON9 page (campus MW list)",
            "url": "https://virtusdatacentres.com/locations/uk/london/slough-london9",
            "archived": "https://web.archive.org/web/20260215011525/https://virtusdatacentres.com/locations/uk/london/slough-london9"
          }
        ],
        "planning_ref": {
          "id": null,
          "url": null
        },
        "water_litres_pa": null,
        "grid_connection": null,
        "cooling": null,
        "claims_on_record": [],
        "operator_response": null,
        "controversies": [],
        "last_reviewed": "2026-07-20",
        "operational_reality": "operating"
      }
    },
    {
      "type": "Feature",
      "geometry": {
        "type": "Point",
        "coordinates": [
          -0.4045,
          51.4964
        ]
      },
      "properties": {
        "id": "virtus-london2-hayes",
        "name": "VIRTUS LONDON2 (Hayes)",
        "operator": "VIRTUS Data Centres (STT GDC)",
        "status": "operating",
        "local_authority": "London Borough of Hillingdon",
        "corridor": "west",
        "summary": "VIRTUS LONDON2 at Hayes, west London. Operator datasheet states 11.4 MW of IT load and over 6,000 m² net technical space, with a 20 MVA incoming supply. Mapped as operating from operator or third-party records; no council planning-application URL is linked.",
        "power": {
          "grid_connection_mw": {
            "value": 20,
            "unit": "MVA",
            "basis": "stated",
            "source": "VIRTUS LONDON2 datasheet: 20 MVA incoming diversely routed supply",
            "page": null,
            "archived": null
          },
          "it_load_mw": {
            "value": 11.4,
            "unit": "MW",
            "basis": "stated",
            "source": "VIRTUS LONDON2 Hayes datasheet: 11.4 MW of IT load",
            "page": null,
            "archived": null
          },
          "phase_1_mw": null,
          "max_proposed_mw": {
            "value": 11.4,
            "unit": "MW",
            "basis": "stated",
            "source": "VIRTUS LONDON2: 11.4 MW IT load",
            "page": null,
            "archived": null
          }
        },
        "land": {
          "acres": null,
          "previous_use": "West London industrial / warehouse setting",
          "land_type": "industrial_active",
          "alc_grades": null
        },
        "timeline": [],
        "sources": [
          {
            "label": "VIRTUS: LONDON2 Hayes datasheet (PDF)",
            "url": "https://virtusdatacentres.com/images/datasheets/Virtus-datasheet-London2-RP2006152.pdf",
            "archived": "https://web.archive.org/web/20260724010942/https://virtusdatacentres.com/images/datasheets/Virtus-datasheet-London2-RP2006152.pdf"
          }
        ],
        "planning_ref": {
          "id": null,
          "url": null
        },
        "water_litres_pa": null,
        "grid_connection": null,
        "cooling": null,
        "claims_on_record": [],
        "operator_response": null,
        "controversies": [],
        "last_reviewed": "2026-07-20",
        "operational_reality": "operating"
      }
    },
    {
      "type": "Feature",
      "geometry": {
        "type": "Point",
        "coordinates": [
          -0.05536,
          51.6519
        ]
      },
      "properties": {
        "id": "virtus-london1-enfield",
        "name": "VIRTUS LONDON1 (Enfield)",
        "operator": "VIRTUS Data Centres (STT GDC)",
        "status": "operating",
        "local_authority": "London Borough of Enfield",
        "corridor": "north",
        "summary": "VIRTUS LONDON1 at Enfield on the north London / M25 fringe. Operator states over 2,900 m² net technical space and 4.2 MW of IT load. Mapped as operating from operator or third-party records; no council planning-application URL is linked.",
        "power": {
          "grid_connection_mw": null,
          "it_load_mw": {
            "value": 4.2,
            "unit": "MW",
            "basis": "stated",
            "source": "VIRTUS LONDON1 Enfield page: 4.2 MW of IT load",
            "page": null,
            "archived": null
          },
          "phase_1_mw": null,
          "max_proposed_mw": {
            "value": 4.2,
            "unit": "MW",
            "basis": "stated",
            "source": "VIRTUS LONDON1: 4.2 MW IT load",
            "page": null,
            "archived": null
          }
        },
        "land": {
          "acres": null,
          "previous_use": "North London industrial setting",
          "land_type": "industrial_active",
          "alc_grades": null
        },
        "timeline": [],
        "sources": [
          {
            "label": "VIRTUS: LONDON1 Enfield",
            "url": "https://virtusdatacentres.com/locations/uk/london/enfield-campus",
            "archived": "https://web.archive.org/web/20260506103423/https://virtusdatacentres.com/locations/uk/london/enfield-campus"
          }
        ],
        "planning_ref": {
          "id": null,
          "url": null
        },
        "water_litres_pa": null,
        "grid_connection": null,
        "cooling": null,
        "claims_on_record": [],
        "operator_response": null,
        "controversies": [],
        "last_reviewed": "2026-07-20",
        "operational_reality": "operating"
      }
    },
    {
      "type": "Feature",
      "geometry": {
        "type": "Point",
        "coordinates": [
          -0.45381,
          51.51057
        ]
      },
      "properties": {
        "id": "virtus-london6-stockley",
        "name": "VIRTUS LONDON6 (Stockley Park)",
        "operator": "VIRTUS Data Centres (STT GDC)",
        "status": "operating",
        "local_authority": "London Borough of Hillingdon",
        "corridor": "west",
        "summary": "VIRTUS Stockley Park campus building LONDON6. Operator lists 16 MW IT load and 7,000 m² net technical space. Mapped as operating from operator or third-party records; no council planning-application URL is linked.",
        "power": {
          "grid_connection_mw": null,
          "it_load_mw": {
            "value": 16,
            "unit": "MW",
            "basis": "stated",
            "source": "VIRTUS Stockley / Enfield campus listing: LONDON6 16 MW",
            "page": null,
            "archived": null
          },
          "phase_1_mw": null,
          "max_proposed_mw": {
            "value": 16,
            "unit": "MW",
            "basis": "stated",
            "source": "VIRTUS LONDON6: 16 MW IT load",
            "page": null,
            "archived": null
          }
        },
        "land": {
          "acres": null,
          "previous_use": "Stockley Park business park / industrial fringe",
          "land_type": "industrial_active",
          "alc_grades": null
        },
        "timeline": [],
        "sources": [
          {
            "label": "VIRTUS: Enfield campus (Stockley MW list)",
            "url": "https://virtusdatacentres.com/locations/uk/london/enfield-campus",
            "archived": "https://web.archive.org/web/20260506103423/https://virtusdatacentres.com/locations/uk/london/enfield-campus"
          }
        ],
        "planning_ref": {
          "id": null,
          "url": null
        },
        "water_litres_pa": null,
        "grid_connection": null,
        "cooling": null,
        "claims_on_record": [],
        "operator_response": null,
        "controversies": [],
        "last_reviewed": "2026-07-20",
        "operational_reality": "operating"
      }
    },
    {
      "type": "Feature",
      "geometry": {
        "type": "Point",
        "coordinates": [
          -0.45665,
          51.51088
        ]
      },
      "properties": {
        "id": "virtus-london7-stockley",
        "name": "VIRTUS LONDON7 (Stockley Park)",
        "operator": "VIRTUS Data Centres (STT GDC)",
        "status": "operating",
        "local_authority": "London Borough of Hillingdon",
        "corridor": "west",
        "summary": "VIRTUS Stockley Park campus building LONDON7. Operator lists 28 MW IT load and 13,000 m² net technical space. Mapped as operating from operator or third-party records; no council planning-application URL is linked.",
        "power": {
          "grid_connection_mw": null,
          "it_load_mw": {
            "value": 28,
            "unit": "MW",
            "basis": "stated",
            "source": "VIRTUS Stockley / Enfield campus listing: LONDON7 28 MW",
            "page": null,
            "archived": null
          },
          "phase_1_mw": null,
          "max_proposed_mw": {
            "value": 28,
            "unit": "MW",
            "basis": "stated",
            "source": "VIRTUS LONDON7: 28 MW IT load",
            "page": null,
            "archived": null
          }
        },
        "land": {
          "acres": null,
          "previous_use": "Stockley Park business park / industrial fringe",
          "land_type": "industrial_active",
          "alc_grades": null
        },
        "timeline": [],
        "sources": [
          {
            "label": "VIRTUS: Enfield campus (Stockley MW list)",
            "url": "https://virtusdatacentres.com/locations/uk/london/enfield-campus",
            "archived": "https://web.archive.org/web/20260506103423/https://virtusdatacentres.com/locations/uk/london/enfield-campus"
          }
        ],
        "planning_ref": {
          "id": null,
          "url": null
        },
        "water_litres_pa": null,
        "grid_connection": null,
        "cooling": null,
        "claims_on_record": [],
        "operator_response": null,
        "controversies": [],
        "last_reviewed": "2026-07-20",
        "operational_reality": "operating"
      }
    },
    {
      "type": "Feature",
      "geometry": {
        "type": "Point",
        "coordinates": [
          -0.45719,
          51.50976
        ]
      },
      "properties": {
        "id": "virtus-london8-stockley",
        "name": "VIRTUS LONDON8 (Stockley Park)",
        "operator": "VIRTUS Data Centres (STT GDC)",
        "status": "operating",
        "local_authority": "London Borough of Hillingdon",
        "corridor": "west",
        "summary": "VIRTUS Stockley Park campus building LONDON8. Operator lists 18 MW IT load and 7,000 m² net technical space. Mapped as operating from operator or third-party records; no council planning-application URL is linked.",
        "power": {
          "grid_connection_mw": null,
          "it_load_mw": {
            "value": 18,
            "unit": "MW",
            "basis": "stated",
            "source": "VIRTUS Stockley / Enfield campus listing: LONDON8 18 MW",
            "page": null,
            "archived": null
          },
          "phase_1_mw": null,
          "max_proposed_mw": {
            "value": 18,
            "unit": "MW",
            "basis": "stated",
            "source": "VIRTUS LONDON8: 18 MW IT load",
            "page": null,
            "archived": null
          }
        },
        "land": {
          "acres": null,
          "previous_use": "Stockley Park business park / industrial fringe",
          "land_type": "industrial_active",
          "alc_grades": null
        },
        "timeline": [],
        "sources": [
          {
            "label": "VIRTUS: Enfield campus (Stockley MW list)",
            "url": "https://virtusdatacentres.com/locations/uk/london/enfield-campus",
            "archived": "https://web.archive.org/web/20260506103423/https://virtusdatacentres.com/locations/uk/london/enfield-campus"
          }
        ],
        "planning_ref": {
          "id": null,
          "url": null
        },
        "water_litres_pa": null,
        "grid_connection": null,
        "cooling": null,
        "claims_on_record": [],
        "operator_response": null,
        "controversies": [],
        "last_reviewed": "2026-07-20",
        "operational_reality": "operating"
      }
    },
    {
      "type": "Feature",
      "geometry": {
        "type": "Point",
        "coordinates": [
          -0.61602,
          51.51702
        ]
      },
      "properties": {
        "id": "ntt-slough-2",
        "name": "NTT Slough 2 (SL2)",
        "operator": "NTT Global Data Centers",
        "status": "operating",
        "local_authority": "Slough Borough Council",
        "corridor": "west",
        "summary": "NTT Slough 2 on Ajax Avenue, Slough Trading Estate. Operator states a maximum of 1.8 MW of critical IT load with dual HV grid connections. Mapped as operating from operator or third-party records; no council planning-application URL is linked.",
        "power": {
          "grid_connection_mw": null,
          "it_load_mw": {
            "value": 1.8,
            "unit": "MW",
            "basis": "stated",
            "source": "NTT Slough 2 page: 1.8 MW of critical IT load",
            "page": null,
            "archived": null
          },
          "phase_1_mw": null,
          "max_proposed_mw": {
            "value": 1.8,
            "unit": "MW",
            "basis": "stated",
            "source": "NTT Slough 2: 1.8 MW IT load",
            "page": null,
            "archived": null
          }
        },
        "land": {
          "acres": null,
          "previous_use": "Slough Trading Estate industrial plot",
          "land_type": "industrial_active",
          "alc_grades": null
        },
        "timeline": [],
        "sources": [
          {
            "label": "NTT: Slough 2 Data Center",
            "url": "https://services.global.ntt/en-us/services-and-products/global-data-centers/global-locations/emea/slough-2-data-center",
            "archived": "https://web.archive.org/web/20260312112839/https://services.global.ntt/en-us/services-and-products/global-data-centers/global-locations/emea/slough-2-data-center"
          }
        ],
        "planning_ref": {
          "id": null,
          "url": null
        },
        "water_litres_pa": null,
        "grid_connection": null,
        "cooling": null,
        "claims_on_record": [],
        "operator_response": null,
        "controversies": [],
        "last_reviewed": "2026-07-20",
        "operational_reality": "operating"
      }
    },
    {
      "type": "Feature",
      "geometry": {
        "type": "Point",
        "coordinates": [
          -0.0149,
          51.49818
        ]
      },
      "properties": {
        "id": "equinix-ld8-docklands",
        "name": "Equinix LD8 (Harbour Exchange)",
        "operator": "Equinix",
        "status": "operating",
        "local_authority": "London Borough of Tower Hamlets",
        "corridor": "east",
        "summary": "Equinix LD8 IBX at Harbour Exchange Square in the Docklands interconnection cluster. Operator publishes building area (about 12,769 m²) but not a single campus megawatt figure on the public IBX page. Location pin only for stated size until a lasting MW disclosure or planning URL is linked. Mapped as operating from operator or third-party records; no council planning-application URL is linked.",
        "power": {
          "grid_connection_mw": null,
          "it_load_mw": null,
          "phase_1_mw": null,
          "max_proposed_mw": null
        },
        "land": {
          "acres": null,
          "previous_use": "Docklands office / exchange campus",
          "land_type": "industrial_active",
          "alc_grades": null
        },
        "timeline": [],
        "sources": [
          {
            "label": "Equinix: LD8",
            "url": "https://www.equinix.com/data-centers/europe-colocation/united-kingdom-colocation/london-data-centers/ld8",
            "archived": "https://web.archive.org/web/20260312164250/https://www.equinix.com/data-centers/europe-colocation/united-kingdom-colocation/london-data-centers/ld8"
          }
        ],
        "planning_ref": {
          "id": null,
          "url": null
        },
        "water_litres_pa": null,
        "grid_connection": null,
        "cooling": null,
        "claims_on_record": [],
        "operator_response": null,
        "controversies": [],
        "last_reviewed": "2026-07-20",
        "operational_reality": "operating"
      }
    },
    {
      "type": "Feature",
      "geometry": {
        "type": "Point",
        "coordinates": [
          -0.25589,
          51.53143
        ]
      },
      "properties": {
        "id": "equinix-ld9-powergate",
        "name": "Equinix LD9 (Powergate)",
        "operator": "Equinix",
        "status": "operating",
        "local_authority": "London Borough of Ealing",
        "corridor": "west",
        "summary": "Equinix LD9 at Powergate Business Park (Volt Avenue), west London, near other Park Royal / Powergate halls. Operator publishes building area (about 15,372 m²) but not a single public megawatt total on the IBX page. Location pin only for stated size until MW or planning URL is linked. Mapped as operating from operator or third-party records; no council planning-application URL is linked.",
        "power": {
          "grid_connection_mw": null,
          "it_load_mw": null,
          "phase_1_mw": null,
          "max_proposed_mw": null
        },
        "land": {
          "acres": null,
          "previous_use": "Powergate / Park Royal industrial estate",
          "land_type": "industrial_active",
          "alc_grades": null
        },
        "timeline": [],
        "sources": [
          {
            "label": "Equinix: LD9",
            "url": "https://www.equinix.com/data-centers/europe-colocation/united-kingdom-colocation/london-data-centers/ld9",
            "archived": "https://web.archive.org/web/20260207134603/https://www.equinix.com/data-centers/europe-colocation/united-kingdom-colocation/london-data-centers/ld9"
          }
        ],
        "planning_ref": {
          "id": null,
          "url": null
        },
        "water_litres_pa": null,
        "grid_connection": null,
        "cooling": null,
        "claims_on_record": [],
        "operator_response": null,
        "controversies": [],
        "last_reviewed": "2026-07-20",
        "operational_reality": "operating"
      }
    },
    {
      "type": "Feature",
      "geometry": {
        "type": "Point",
        "coordinates": [
          -0.00231,
          51.51119
        ]
      },
      "properties": {
        "id": "telehouse-west",
        "name": "Telehouse West (Docklands)",
        "operator": "Telehouse (KDDI)",
        "status": "operating",
        "local_authority": "London Borough of Tower Hamlets",
        "corridor": "east",
        "summary": "Telehouse West on the Docklands campus (Coronation Road area), part of the LINX-heavy interconnection cluster. Operator London materials cite about 18 MW total power capacity for the West hall context (2.7 MW per floor in published figures). Mapped as operating from operator or third-party records; no council planning-application URL is linked.",
        "power": {
          "grid_connection_mw": null,
          "it_load_mw": {
            "value": 18,
            "unit": "MW",
            "basis": "stated",
            "source": "Telehouse London pages: West / campus power figures citing 18 MW total power capacity (2.7 MW per floor)",
            "page": null,
            "archived": null
          },
          "phase_1_mw": null,
          "max_proposed_mw": {
            "value": 18,
            "unit": "MW",
            "basis": "stated",
            "source": "Telehouse West: about 18 MW total power capacity (operator London materials)",
            "page": null,
            "archived": null
          }
        },
        "land": {
          "acres": null,
          "previous_use": "Docklands industrial / carrier campus",
          "land_type": "industrial_active",
          "alc_grades": null
        },
        "timeline": [],
        "sources": [
          {
            "label": "Telehouse: London data centres",
            "url": "https://www.telehouse.net/data-centre-services/uk/london/",
            "archived": "https://web.archive.org/web/20260305103713/https://www.telehouse.net/data-centre-services/uk/london/"
          }
        ],
        "planning_ref": {
          "id": null,
          "url": null
        },
        "water_litres_pa": null,
        "grid_connection": null,
        "cooling": null,
        "claims_on_record": [],
        "operator_response": null,
        "controversies": [],
        "last_reviewed": "2026-07-20",
        "part_of": "telehouse-docklands",
        "operational_reality": "operating"
      }
    },
    {
      "type": "Feature",
      "geometry": {
        "type": "Point",
        "coordinates": [
          -0.0025,
          51.51085
        ]
      },
      "properties": {
        "id": "telehouse-west-two",
        "name": "Telehouse West Two (Docklands)",
        "operator": "Telehouse (KDDI)",
        "status": "proposed",
        "local_authority": "London Borough of Tower Hamlets",
        "corridor": "east",
        "summary": "Telehouse West Two on the Docklands campus. Operator October 2025 announcement: groundbreaking on a £275m hall, completion targeted for 2028, overall building capacity of 33 MW (up to 4.4 MW per floor). Held at proposed until a lasting planning portal URL is linked (not upgraded to under construction without that URL).",
        "power": {
          "grid_connection_mw": null,
          "it_load_mw": {
            "value": 33,
            "unit": "MW",
            "basis": "stated",
            "source": "Telehouse West Two groundbreaking release: overall building capacity of 33 MW",
            "page": null,
            "archived": null
          },
          "phase_1_mw": null,
          "max_proposed_mw": {
            "value": 33,
            "unit": "MW",
            "basis": "stated",
            "source": "Telehouse West Two: 33 MW building capacity",
            "page": null,
            "archived": null
          }
        },
        "land": {
          "acres": null,
          "previous_use": "Docklands campus expansion plot",
          "land_type": "industrial_active",
          "alc_grades": null
        },
        "timeline": [
          {
            "date": "2025-10",
            "event": "Operator announces groundbreaking; completion targeted for 2028",
            "source": "https://www.telehouse.com/2025/10/23/telehouse-breaks-ground-on-new-275m-data-centre-telehouse-west-two/"
          }
        ],
        "sources": [
          {
            "label": "Telehouse: West Two groundbreaking",
            "url": "https://www.telehouse.com/2025/10/23/telehouse-breaks-ground-on-new-275m-data-centre-telehouse-west-two/",
            "archived": "https://web.archive.org/web/20260215140748/https://www.telehouse.com/2025/10/23/telehouse-breaks-ground-on-new-275m-data-centre-telehouse-west-two/"
          }
        ],
        "planning_ref": {
          "id": null,
          "url": null
        },
        "water_litres_pa": null,
        "grid_connection": null,
        "cooling": null,
        "claims_on_record": [],
        "operator_response": null,
        "controversies": [],
        "last_reviewed": "2026-07-20",
        "part_of": "telehouse-docklands",
        "operational_reality": "under_construction"
      }
    },
    {
      "type": "Feature",
      "geometry": {
        "type": "Point",
        "coordinates": [
          -0.00346,
          51.50705
        ]
      },
      "properties": {
        "id": "telehouse-south",
        "name": "Telehouse South (Blackwall Yard)",
        "operator": "Telehouse (KDDI)",
        "status": "operating",
        "local_authority": "London Borough of Tower Hamlets",
        "corridor": "east",
        "summary": "Telehouse South at 1 Blackwall Way, Blackwall Yard — Telehouse's fifth and largest London data centre, a ten-storey facility opened in 2022 about 300 m from the main Docklands campus (the building was acquired from Thomson Reuters and fitted out in phases). Mapped operating from operator / third-party records; a hall-specific MW figure is not separately disclosed and no council planning-application URL is linked.",
        "power": {
          "grid_connection_mw": null,
          "it_load_mw": null,
          "phase_1_mw": null,
          "max_proposed_mw": null
        },
        "land": {
          "acres": null,
          "previous_use": "Blackwall Yard riverside industrial",
          "land_type": "industrial_active",
          "alc_grades": null
        },
        "timeline": [
          {
            "date": "2022",
            "event": "Telehouse South opens — fifth and largest Telehouse London data centre (10 storeys, ex-Thomson Reuters building)",
            "source": "https://www.telehouse.net/data-centre-services/uk/london/telehouse-south/"
          }
        ],
        "sources": [
          {
            "label": "Telehouse: Telehouse South",
            "url": "https://www.telehouse.net/data-centre-services/uk/london/telehouse-south/",
            "archived": null
          },
          {
            "label": "DataCenterMap: Telehouse London Docklands South (1 Blackwall Way)",
            "url": "https://www.datacentermap.com/united-kingdom/london/telehouse-london-docklands-south/",
            "archived": null
          },
          {
            "label": "Telehouse: London data centres",
            "url": "https://www.telehouse.net/data-centre-services/uk/london/",
            "archived": "https://web.archive.org/web/20260305103713/https://www.telehouse.net/data-centre-services/uk/london/"
          }
        ],
        "planning_ref": {
          "id": null,
          "url": null
        },
        "water_litres_pa": null,
        "grid_connection": null,
        "cooling": null,
        "claims_on_record": [],
        "operator_response": null,
        "controversies": [],
        "last_reviewed": "2026-08-09",
        "part_of": "telehouse-docklands",
        "operational_reality": "operating"
      }
    },
    {
      "type": "Feature",
      "geometry": {
        "type": "Point",
        "coordinates": [
          -0.45427,
          51.44666
        ]
      },
      "properties": {
        "id": "serverfarm-lon1-feltham",
        "name": "Serverfarm LON1 (Feltham)",
        "operator": "Serverfarm",
        "status": "operating",
        "local_authority": "London Borough of Hounslow",
        "corridor": "west",
        "summary": "Serverfarm LON1 in Feltham on the west London / Heathrow fringe. Trade and directory sources commonly cite about 11.4 MW of IT capacity for the hall. Mapped as operating from operator or third-party records; no council planning-application URL is linked.",
        "power": {
          "grid_connection_mw": null,
          "it_load_mw": {
            "value": 11.4,
            "unit": "MW",
            "basis": "stated",
            "source": "Secondary trade / directory reporting of Serverfarm LON1 Feltham IT capacity (about 11.4 MW)",
            "page": null,
            "archived": null
          },
          "phase_1_mw": null,
          "max_proposed_mw": {
            "value": 11.4,
            "unit": "MW",
            "basis": "stated",
            "source": "Serverfarm LON1 Feltham: about 11.4 MW IT (secondary sources)",
            "page": null,
            "archived": null
          }
        },
        "land": {
          "acres": null,
          "previous_use": "West London industrial / warehouse setting",
          "land_type": "industrial_active",
          "alc_grades": null
        },
        "timeline": [],
        "sources": [
          {
            "label": "Serverfarm: London",
            "url": "https://www.serverfarmllc.com/locations/london/",
            "archived": null
          }
        ],
        "planning_ref": {
          "id": null,
          "url": null
        },
        "water_litres_pa": null,
        "grid_connection": null,
        "cooling": null,
        "claims_on_record": [],
        "operator_response": null,
        "controversies": [],
        "last_reviewed": "2026-07-20",
        "operational_reality": "operating"
      }
    },
    {
      "type": "Feature",
      "geometry": {
        "type": "Point",
        "coordinates": [
          -0.019,
          51.5
        ]
      },
      "properties": {
        "id": "digital-realty-docklands",
        "name": "Digital Realty Docklands (Harbour Exchange)",
        "operator": "Digital Realty",
        "status": "operating",
        "local_authority": "London Borough of Tower Hamlets",
        "corridor": "east",
        "summary": "Digital Realty (former Interxion) presence in the Harbour Exchange / Docklands interconnection cluster. Operator London metro footprint spans multiple facilities; this pin is a Docklands location seed until hall-specific megawatts and a lasting planning URL are linked. Mapped as operating from operator or third-party records; no council planning-application URL is linked.",
        "power": {
          "grid_connection_mw": null,
          "it_load_mw": null,
          "phase_1_mw": null,
          "max_proposed_mw": null
        },
        "land": {
          "acres": null,
          "previous_use": "Docklands office / exchange campus",
          "land_type": "industrial_active",
          "alc_grades": null
        },
        "timeline": [],
        "sources": [
          {
            "label": "Digital Realty: London",
            "url": "https://www.digitalrealty.com/data-centers/emea/united-kingdom/london",
            "archived": null
          }
        ],
        "planning_ref": {
          "id": null,
          "url": null
        },
        "water_litres_pa": null,
        "grid_connection": null,
        "cooling": null,
        "claims_on_record": [],
        "operator_response": null,
        "controversies": [],
        "last_reviewed": "2026-07-20",
        "operational_reality": "operating"
      }
    },
    {
      "type": "Feature",
      "geometry": {
        "type": "Point",
        "coordinates": [
          -0.414,
          51.706
        ]
      },
      "properties": {
        "id": "abbots-langley-bedmond",
        "name": "Abbots Langley data centre (Bedmond Road)",
        "operator": "Greystoke Land",
        "status": "approved",
        "local_authority": "Three Rivers District Council",
        "corridor": "north",
        "summary": "Hyperscale campus of up to 84,000 m² across two buildings off Bedmond Road, Abbots Langley, plus a country park. Coverage puts IT load at about 96 MW. Secretary of State recovered appeal allowed 12 May 2025.",
        "power": {
          "grid_connection_mw": null,
          "it_load_mw": {
            "value": 96,
            "unit": "MW",
            "basis": "stated",
            "source": "DCD / decision coverage: about 96 MW IT load for Bedmond Road campus",
            "page": null,
            "archived": null
          },
          "phase_1_mw": null,
          "max_proposed_mw": {
            "value": 96,
            "unit": "MW",
            "basis": "stated",
            "source": "Abbots Langley: about 96 MW IT load",
            "page": null,
            "archived": null
          }
        },
        "land": {
          "acres": {
            "value": 81.5,
            "unit": "acres",
            "basis": "stated",
            "source": "Appeal materials: about 33 ha development site (about 81.5 acres)",
            "page": null,
            "archived": null
          },
          "previous_use": "Green Belt / grey-belt land off Bedmond Road",
          "land_type": "agricultural",
          "alc_grades": null
        },
        "timeline": [
          {
            "date": "2025-05-12",
            "event": "Secretary of State allows recovered appeal 3346061",
            "source": "https://www.gov.uk/government/publications/recovered-appeal-land-off-bedmond-road-abbots-langley-ref-3346061-12-may-2025"
          }
        ],
        "sources": [
          {
            "label": "GOV.UK: recovered appeal 3346061",
            "url": "https://www.gov.uk/government/publications/recovered-appeal-land-off-bedmond-road-abbots-langley-ref-3346061-12-may-2025",
            "archived": "https://web.archive.org/web/20260630205815/https://www.gov.uk/government/publications/recovered-appeal-land-off-bedmond-road-abbots-langley-ref-3346061-12-may-2025"
          }
        ],
        "planning_ref": {
          "id": "3346061",
          "url": "https://www.gov.uk/government/publications/recovered-appeal-land-off-bedmond-road-abbots-langley-ref-3346061-12-may-2025"
        },
        "water_litres_pa": null,
        "grid_connection": null,
        "cooling": null,
        "claims_on_record": [],
        "operator_response": null,
        "controversies": [
          {
            "summary": "Three Rivers refused; Green Belt / grey-belt dispute at recovered appeal",
            "source": "https://www.gov.uk/government/publications/recovered-appeal-land-off-bedmond-road-abbots-langley-ref-3346061-12-may-2025",
            "label": "procedural"
          }
        ],
        "last_reviewed": "2026-07-20",
        "operational_reality": "consented"
      }
    },
    {
      "type": "Feature",
      "geometry": {
        "type": "Point",
        "coordinates": [
          -0.4345,
          51.7642
        ]
      },
      "properties": {
        "id": "ntt-hemel-hh1",
        "name": "NTT Hemel Hempstead 1 (HH1)",
        "operator": "NTT Global Data Centers",
        "status": "operating",
        "local_authority": "Dacorum Borough Council",
        "corridor": "north",
        "summary": "NTT Hemel Hempstead 1 at Boundary Way / Centro. About 2 MW of IT load. North M25 cluster marketed into the London metro. Mapped as operating from operator or third-party records; no council planning-application URL is linked.",
        "power": {
          "grid_connection_mw": null,
          "it_load_mw": {
            "value": 2,
            "unit": "MW",
            "basis": "stated",
            "source": "NTT / PeeringDB HH1: about 2 MW IT load",
            "page": null,
            "archived": null
          },
          "phase_1_mw": null,
          "max_proposed_mw": {
            "value": 2,
            "unit": "MW",
            "basis": "stated",
            "source": "NTT HH1: 2 MW",
            "page": null,
            "archived": null
          }
        },
        "land": {
          "acres": null,
          "previous_use": "Maylands industrial / business park",
          "land_type": "industrial_active",
          "alc_grades": null
        },
        "timeline": [],
        "sources": [
          {
            "label": "PeeringDB: NTT Hemel HH1",
            "url": "https://www.peeringdb.com/fac/9031",
            "archived": "https://web.archive.org/web/20260518235921/https://www.peeringdb.com/fac/9031"
          }
        ],
        "planning_ref": {
          "id": null,
          "url": null
        },
        "water_litres_pa": null,
        "grid_connection": null,
        "cooling": null,
        "claims_on_record": [],
        "operator_response": null,
        "controversies": [],
        "last_reviewed": "2026-07-20",
        "operational_reality": "operating"
      }
    },
    {
      "type": "Feature",
      "geometry": {
        "type": "Point",
        "coordinates": [
          -0.4421,
          51.765
        ]
      },
      "properties": {
        "id": "ntt-hemel-hh2",
        "name": "NTT Hemel Hempstead 2 (HH2)",
        "operator": "NTT Global Data Centers",
        "status": "operating",
        "local_authority": "Dacorum Borough Council",
        "corridor": "north",
        "summary": "NTT Hemel Hempstead 2 on Maylands Avenue. Secondary sources put maximum client IT load around 6.2 MW. Mapped as operating from operator or third-party records; no council planning-application URL is linked.",
        "power": {
          "grid_connection_mw": null,
          "it_load_mw": {
            "value": 6.2,
            "unit": "MW",
            "basis": "stated",
            "source": "Secondary reporting of NTT Hemel HH2 maximum client IT load (about 6.2 MW)",
            "page": null,
            "archived": null
          },
          "phase_1_mw": null,
          "max_proposed_mw": {
            "value": 6.2,
            "unit": "MW",
            "basis": "stated",
            "source": "NTT HH2: about 6.2 MW IT (secondary)",
            "page": null,
            "archived": null
          }
        },
        "land": {
          "acres": null,
          "previous_use": "Maylands industrial / business park",
          "land_type": "industrial_active",
          "alc_grades": null
        },
        "timeline": [],
        "sources": [
          {
            "label": "PeeringDB: NTT Hemel HH2",
            "url": "https://www.peeringdb.com/fac/9032",
            "archived": "https://web.archive.org/web/20260309084301/https://www.peeringdb.com/fac/9032"
          }
        ],
        "planning_ref": {
          "id": null,
          "url": null
        },
        "water_litres_pa": null,
        "grid_connection": null,
        "cooling": null,
        "claims_on_record": [],
        "operator_response": null,
        "controversies": [],
        "last_reviewed": "2026-07-20",
        "operational_reality": "operating"
      }
    },
    {
      "type": "Feature",
      "geometry": {
        "type": "Point",
        "coordinates": [
          -0.4367,
          51.7619
        ]
      },
      "properties": {
        "id": "ntt-hemel-hh3",
        "name": "NTT Hemel Hempstead 3 (HH3)",
        "operator": "NTT Global Data Centers",
        "status": "operating",
        "local_authority": "Dacorum Borough Council",
        "corridor": "north",
        "summary": "NTT Hemel Hempstead 3. Operator states a maximum of 20 MW of IT load. Mapped as operating from operator or third-party records; no council planning-application URL is linked.",
        "power": {
          "grid_connection_mw": null,
          "it_load_mw": {
            "value": 20,
            "unit": "MW",
            "basis": "stated",
            "source": "NTT Hemel Hempstead 3 page: maximum of 20 MW of IT load",
            "page": null,
            "archived": null
          },
          "phase_1_mw": null,
          "max_proposed_mw": {
            "value": 20,
            "unit": "MW",
            "basis": "stated",
            "source": "NTT HH3: 20 MW IT load",
            "page": null,
            "archived": null
          }
        },
        "land": {
          "acres": null,
          "previous_use": "Maylands industrial / business park",
          "land_type": "industrial_active",
          "alc_grades": null
        },
        "timeline": [],
        "sources": [
          {
            "label": "NTT: Hemel Hempstead 3",
            "url": "https://services.global.ntt/en-us/services-and-products/global-data-centers/global-locations/emea/hemel-hempstead-3-data-center",
            "archived": "https://web.archive.org/web/20260313142737/https://services.global.ntt/en-us/services-and-products/global-data-centers/global-locations/emea/hemel-hempstead-3-data-center"
          }
        ],
        "planning_ref": {
          "id": null,
          "url": null
        },
        "water_litres_pa": null,
        "grid_connection": null,
        "cooling": null,
        "claims_on_record": [],
        "operator_response": null,
        "controversies": [],
        "last_reviewed": "2026-07-20",
        "operational_reality": "operating"
      }
    },
    {
      "type": "Feature",
      "geometry": {
        "type": "Point",
        "coordinates": [
          -0.43,
          51.755
        ]
      },
      "properties": {
        "id": "ntt-hemel-hh4",
        "name": "NTT Hemel Hempstead 4 (HH4)",
        "operator": "NTT Global Data Centers",
        "status": "operating",
        "local_authority": "Dacorum Borough Council",
        "corridor": "north",
        "summary": "NTT Hemel Hempstead 4 at Blossom Way. Operator states a maximum of 12 MW IT load; on-site substation 60 MVA. Mapped as operating from operator or third-party records; no council planning-application URL is linked.",
        "power": {
          "grid_connection_mw": {
            "value": 60,
            "unit": "MVA",
            "basis": "stated",
            "source": "NTT HH4: on-site substation delivering 60 MVA",
            "page": null,
            "archived": null
          },
          "it_load_mw": {
            "value": 12,
            "unit": "MW",
            "basis": "stated",
            "source": "NTT Hemel Hempstead 4 page: maximum of 12 MW IT load",
            "page": null,
            "archived": null
          },
          "phase_1_mw": null,
          "max_proposed_mw": {
            "value": 12,
            "unit": "MW",
            "basis": "stated",
            "source": "NTT HH4: 12 MW IT load",
            "page": null,
            "archived": null
          }
        },
        "land": {
          "acres": null,
          "previous_use": "Maylands / Blossom Way industrial setting",
          "land_type": "industrial_active",
          "alc_grades": null
        },
        "timeline": [],
        "sources": [
          {
            "label": "NTT: Hemel Hempstead 4",
            "url": "https://services.global.ntt/en-us/services-and-products/global-data-centers/global-locations/emea/hemel-hempstead-4-data-center",
            "archived": "https://web.archive.org/web/20260515225102/https://services.global.ntt/en-us/services-and-products/global-data-centers/global-locations/emea/hemel-hempstead-4-data-center"
          }
        ],
        "planning_ref": {
          "id": null,
          "url": null
        },
        "water_litres_pa": null,
        "grid_connection": null,
        "cooling": null,
        "claims_on_record": [],
        "operator_response": null,
        "controversies": [],
        "last_reviewed": "2026-07-20",
        "operational_reality": "operating"
      }
    },
    {
      "type": "Feature",
      "geometry": {
        "type": "Point",
        "coordinates": [
          0.126,
          51.777
        ]
      },
      "properties": {
        "id": "kao-harlow-campus",
        "name": "Kao Data Harlow campus",
        "operator": "Kao Data",
        "status": "operating",
        "local_authority": "Harlow District Council",
        "corridor": "north",
        "summary": "Kao Data campus on London Road, Harlow (M11 corridor). Operator: KLON-01/02 at 8.8 MW each (operational), KLON-03 17.6 MW under development, KLON-04 36 MW planned; about 71 MW ITE when complete. This campus pin aggregates individually mapped halls; it is flagged role \"aggregate\" and excluded from the map, the regional total, and the sites/compare tables to avoid double-counting; the individual halls carry the capacity. Mapped as operating from operator or third-party records; no council planning-application URL is linked.",
        "power": {
          "grid_connection_mw": null,
          "it_load_mw": {
            "value": 17.6,
            "unit": "MW",
            "basis": "stated",
            "source": "Kao Data Harlow: KLON-01+02 operational 8.8 MW each (17.6 MW)",
            "page": null,
            "archived": null
          },
          "phase_1_mw": null,
          "max_proposed_mw": {
            "value": 71,
            "unit": "MW",
            "basis": "stated",
            "source": "Kao Data Harlow: about 71 MW ITE load across four buildings when complete",
            "page": null,
            "archived": null
          }
        },
        "land": {
          "acres": {
            "value": 15,
            "unit": "acres",
            "basis": "stated",
            "source": "Kao Data Harlow page: 15-acre campus",
            "page": null,
            "archived": null
          },
          "previous_use": "Harlow industrial / former research campus setting",
          "land_type": "industrial_active",
          "alc_grades": null
        },
        "timeline": [],
        "sources": [
          {
            "label": "Kao Data: Harlow",
            "url": "https://kaodata.com/locations/harlow/",
            "archived": "https://web.archive.org/web/20260608145512/https://kaodata.com/locations/harlow/"
          }
        ],
        "planning_ref": {
          "id": null,
          "url": null
        },
        "water_litres_pa": null,
        "grid_connection": null,
        "cooling": null,
        "claims_on_record": [],
        "operator_response": null,
        "controversies": [],
        "last_reviewed": "2026-07-20",
        "role": "aggregate",
        "operational_reality": "operating"
      }
    },
    {
      "type": "Feature",
      "geometry": {
        "type": "Point",
        "coordinates": [
          -0.33,
          51.655
        ]
      },
      "properties": {
        "id": "ark-elstree-watford",
        "name": "Ark Elstree campus (former Mercure Hotel)",
        "operator": "Ark Data Centres",
        "status": "proposed",
        "local_authority": "Hertsmere Borough Council",
        "corridor": "north",
        "summary": "Proposed redevelopment of the former Mercure Hotel / Hilfield Park site near Watford–Elstree. Operator cites 250 MVA from 2028; trade reporting about 200 MW campus. Held at proposed until a lasting Hertsmere Public Access URL is linked.",
        "power": {
          "grid_connection_mw": {
            "value": 250,
            "unit": "MVA",
            "basis": "stated",
            "source": "Ark Elstree page: 250 MVA delivered from 2028",
            "page": null,
            "archived": null
          },
          "it_load_mw": {
            "value": 200,
            "unit": "MW",
            "basis": "stated",
            "source": "DCD / trade reporting: about 200 MW Ark Elstree / Watford campus",
            "page": null,
            "archived": null
          },
          "phase_1_mw": null,
          "max_proposed_mw": {
            "value": 200,
            "unit": "MW",
            "basis": "stated",
            "source": "Ark Elstree: about 200 MW (trade reporting)",
            "page": null,
            "archived": null
          }
        },
        "land": {
          "acres": null,
          "previous_use": "Former Mercure Hotel / Hilfield Park",
          "land_type": "brownfield",
          "alc_grades": null
        },
        "timeline": [],
        "sources": [
          {
            "label": "Ark: Elstree",
            "url": "https://www.ark-d-c.com/locations/elstree",
            "archived": "https://web.archive.org/web/20260307181058/https://www.ark-d-c.com/locations/elstree"
          },
          {
            "label": "DCD: 200 MW Watford campus",
            "url": "https://www.datacenterdynamics.com/en/news/ark-plans-200mw-data-center-campus-in-watford-uk/",
            "archived": "https://web.archive.org/web/20260208103313/https://www.datacenterdynamics.com/en/news/ark-plans-200mw-data-center-campus-in-watford-uk/"
          }
        ],
        "planning_ref": {
          "id": null,
          "url": null
        },
        "water_litres_pa": null,
        "grid_connection": null,
        "cooling": null,
        "claims_on_record": [],
        "operator_response": null,
        "controversies": [],
        "last_reviewed": "2026-07-20",
        "operational_reality": "pipeline"
      }
    },
    {
      "type": "Feature",
      "geometry": {
        "type": "Point",
        "coordinates": [
          -0.125,
          51.365
        ]
      },
      "properties": {
        "id": "pulsant-croydon-ln1",
        "name": "Pulsant Croydon LN-1",
        "operator": "Pulsant",
        "status": "operating",
        "local_authority": "London Borough of Croydon",
        "corridor": "south",
        "summary": "Pulsant regional edge hall at Imperial Way, Croydon. Operator datasheet: 1.35 MW IT power, 2.5 MW incoming. Mapped as operating from operator or third-party records; no council planning-application URL is linked.",
        "power": {
          "grid_connection_mw": {
            "value": 2.5,
            "unit": "MW",
            "basis": "stated",
            "source": "Pulsant Croydon LN-1 datasheet: Total Incoming Power 2.5 MW",
            "page": null,
            "archived": null
          },
          "it_load_mw": {
            "value": 1.35,
            "unit": "MW",
            "basis": "stated",
            "source": "Pulsant Croydon LN-1 datasheet: Total IT Power 1.35 MW",
            "page": null,
            "archived": null
          },
          "phase_1_mw": null,
          "max_proposed_mw": {
            "value": 1.35,
            "unit": "MW",
            "basis": "stated",
            "source": "Pulsant Croydon LN-1: 1.35 MW IT",
            "page": null,
            "archived": null
          }
        },
        "land": {
          "acres": null,
          "previous_use": "Imperial Way industrial estate, Croydon",
          "land_type": "industrial_active",
          "alc_grades": null
        },
        "timeline": [],
        "sources": [
          {
            "label": "Pulsant: Croydon LN-1",
            "url": "https://www.pulsant.com/colocation-south-london-datacentre",
            "archived": "https://web.archive.org/web/20260508150129/https://www.pulsant.com/colocation-south-london-datacentre"
          }
        ],
        "planning_ref": {
          "id": null,
          "url": null
        },
        "water_litres_pa": null,
        "grid_connection": null,
        "cooling": null,
        "claims_on_record": [],
        "operator_response": null,
        "controversies": [],
        "last_reviewed": "2026-07-20",
        "operational_reality": "operating"
      }
    },
    {
      "type": "Feature",
      "geometry": {
        "type": "Point",
        "coordinates": [
          0.28,
          51.49
        ]
      },
      "properties": {
        "id": "thurrock-arena-essex",
        "name": "Thurrock data centre (Arena Essex)",
        "operator": "Global Infrastructure UK / Google (reported end user)",
        "status": "in_planning",
        "local_authority": "Thurrock Council",
        "corridor": "east",
        "summary": "Hybrid application for a hyperscale campus on the former Arena Essex raceway site, Purfleet / West Thurrock (about 52 ha). Up to four data centre buildings (up to 130,500 m² GEA). Press identifies Google as intended operator. Hall megawatts not yet itemised from a single clear MW line. Live Thurrock portal.",
        "power": {
          "grid_connection_mw": null,
          "it_load_mw": null,
          "phase_1_mw": null,
          "max_proposed_mw": null
        },
        "land": {
          "acres": {
            "value": 128,
            "unit": "acres",
            "basis": "stated",
            "source": "Planning / press: about 52 hectares (about 128 acres)",
            "page": null,
            "archived": null
          },
          "previous_use": "Former Arena Essex motorsport / speedway and fishing lake",
          "land_type": "brownfield",
          "alc_grades": null
        },
        "timeline": [],
        "sources": [
          {
            "label": "Thurrock Public Access: 25/00573/OUT",
            "url": "https://regs.thurrock.gov.uk/online-applications/applicationDetails.do?activeTab=summary&keyVal=SW5PMMQGMBJ00",
            "archived": "https://web.archive.org/web/20260414055932/https://regs.thurrock.gov.uk/online-applications/applicationDetails.do?activeTab=summary&keyVal=SW5PMMQGMBJ00"
          },
          {
            "label": "Guardian: Thurrock hyperscale",
            "url": "https://www.theguardian.com/technology/2025/sep/15/google-datacentre-kent-co2-thurrock-uk-ai",
            "archived": null
          }
        ],
        "planning_ref": {
          "id": "25/00573/OUT",
          "url": "https://regs.thurrock.gov.uk/online-applications/applicationDetails.do?activeTab=summary&keyVal=SW5PMMQGMBJ00"
        },
        "water_litres_pa": null,
        "grid_connection": null,
        "cooling": null,
        "claims_on_record": [],
        "operator_response": null,
        "controversies": [
          {
            "summary": "Large local interest; carbon / AI footprint coverage of the hyperscale proposal",
            "source": "https://www.theguardian.com/technology/2025/sep/15/google-datacentre-kent-co2-thurrock-uk-ai",
            "label": "campaign"
          }
        ],
        "last_reviewed": "2026-07-20",
        "operational_reality": "pipeline"
      }
    },
    {
      "type": "Feature",
      "geometry": {
        "type": "Point",
        "coordinates": [
          -0.08651,
          51.52426
        ]
      },
      "properties": {
        "id": "digital-realty-olivers-yard",
        "name": "Digital Realty Oliver's Yard (LHR18)",
        "operator": "Digital Realty",
        "status": "operating",
        "local_authority": "London Borough of Islington",
        "corridor": "inner",
        "summary": "Colocation hall at Oliver's Yard / City Road, about 100 yards from Old Street roundabout (Silicon Roundabout / Tech City). Directory sources put about 2.3 MW customer power (some listings cite about 4 MW total power). Mapped as operating from operator or third-party records; no council planning-application URL is linked.",
        "power": {
          "grid_connection_mw": null,
          "it_load_mw": {
            "value": 2.3,
            "unit": "MW",
            "basis": "stated",
            "source": "Colo-X: Oliver's Yard about 2.3 MW of customer power",
            "page": null,
            "archived": null
          },
          "phase_1_mw": null,
          "max_proposed_mw": {
            "value": 2.3,
            "unit": "MW",
            "basis": "stated",
            "source": "Digital Realty Oliver's Yard: about 2.3 MW customer power (directory)",
            "page": null,
            "archived": null
          }
        },
        "land": {
          "acres": null,
          "previous_use": "Converted tech / colo building near Old Street",
          "land_type": "industrial_active",
          "alc_grades": null
        },
        "timeline": [],
        "sources": [
          {
            "label": "Colo-X: Digital Realty Oliver's Yard",
            "url": "https://www.colo-x.com/data-centre/digital-realty-trust-olivers-yard/",
            "archived": "https://web.archive.org/web/20190720161833/https://www.colo-x.com:80/data-centre/digital-realty-trust-olivers-yard/"
          }
        ],
        "planning_ref": {
          "id": null,
          "url": null
        },
        "water_litres_pa": null,
        "grid_connection": null,
        "cooling": null,
        "claims_on_record": [],
        "operator_response": null,
        "controversies": [],
        "last_reviewed": "2026-07-20",
        "operational_reality": "operating"
      }
    },
    {
      "type": "Feature",
      "geometry": {
        "type": "Point",
        "coordinates": [
          -0.505,
          51.508
        ]
      },
      "properties": {
        "id": "corscale-iver-court-lane",
        "name": "CorScale Iver (Court Lane)",
        "operator": "CorScale / Affinius Capital",
        "status": "approved",
        "local_authority": "Buckinghamshire Council",
        "corridor": "west",
        "summary": "Hyperscale campus on Court Lane Industrial Estate, Iver (between Slough and Hayes on the M25 fringe). Outline consent for up to 65,000 m² GEA across two data centre buildings. SoS recovered appeal allowed 6 December 2024. Decision materials cite a 140 MW grid connection reserved; trade reporting treats the campus as about 140 MW.",
        "power": {
          "grid_connection_mw": {
            "value": 140,
            "unit": "MW",
            "basis": "stated",
            "source": "SoS recovered appeal decision: 140 MW grid connection reserved",
            "page": null,
            "archived": null
          },
          "it_load_mw": null,
          "phase_1_mw": null,
          "max_proposed_mw": {
            "value": 140,
            "unit": "MW",
            "basis": "stated",
            "source": "CorScale Court Lane Iver: about 140 MW (grid connection reserved)",
            "page": null,
            "archived": null
          }
        },
        "land": {
          "acres": {
            "value": 14,
            "unit": "acres",
            "basis": "stated",
            "source": "DCD / CorScale reporting: 14-acre Court Lane site",
            "page": null,
            "archived": null
          },
          "previous_use": "Court Lane Industrial Estate (waste transfer, recycling, storage, offices); Grade II farmhouse retained",
          "land_type": "brownfield",
          "alc_grades": null
        },
        "timeline": [
          {
            "date": "2024-12-06",
            "event": "Secretary of State allows recovered appeal 3337981 (outline data centre)",
            "source": "https://www.gov.uk/government/publications/recovered-appeal-court-lane-industrial-estate-court-lane-iver-ref-3337981-6-december-2024"
          },
          {
            "date": "2026-07",
            "event": "Operator targets predevelopment works from July 2026; completion targeted late 2029",
            "source": "https://www.datacenterdynamics.com/en/news/corscale-targets-2029-launch-date-for-140mw-data-center-campus-outside-london-uk/"
          }
        ],
        "sources": [
          {
            "label": "GOV.UK: recovered appeal 3337981",
            "url": "https://www.gov.uk/government/publications/recovered-appeal-court-lane-industrial-estate-court-lane-iver-ref-3337981-6-december-2024",
            "archived": "https://web.archive.org/web/20260630205815/https://www.gov.uk/government/publications/recovered-appeal-court-lane-industrial-estate-court-lane-iver-ref-3337981-6-december-2024"
          },
          {
            "label": "DCD: CorScale 140 MW Iver",
            "url": "https://www.datacenterdynamics.com/en/news/corscale-targets-2029-launch-date-for-140mw-data-center-campus-outside-london-uk/",
            "archived": "https://web.archive.org/web/20260608070850/https://www.datacenterdynamics.com/en/news/corscale-targets-2029-launch-date-for-140mw-data-center-campus-outside-london-uk/"
          }
        ],
        "planning_ref": {
          "id": "3337981",
          "url": "https://www.gov.uk/government/publications/recovered-appeal-court-lane-industrial-estate-court-lane-iver-ref-3337981-6-december-2024"
        },
        "water_litres_pa": null,
        "grid_connection": null,
        "cooling": null,
        "claims_on_record": [],
        "operator_response": null,
        "controversies": [
          {
            "summary": "Buckinghamshire refused as inappropriate Green Belt development; overturned at recovered appeal",
            "source": "https://www.datacenterdynamics.com/en/news/angela-rayner-overrules-council-and-approves-data-center-planned-for-buckinghamshire-uk/",
            "label": "procedural"
          }
        ],
        "last_reviewed": "2026-07-20",
        "operational_reality": "consented"
      }
    },
    {
      "type": "Feature",
      "geometry": {
        "type": "Point",
        "coordinates": [
          -0.52,
          51.54
        ]
      },
      "properties": {
        "id": "cyrusone-lon6-iver-heath",
        "name": "CyrusOne LON6 (Iver Heath)",
        "operator": "CyrusOne",
        "status": "proposed",
        "local_authority": "Buckinghamshire Council",
        "corridor": "west",
        "summary": "CyrusOne LON6 at Seven Hills Road, Iver Heath. Operator states 90 MW of IT capacity across ten 9 MW data halls (30,000 m²) and 160 MVA power capacity via 132 kV feeds. Held at proposed until a lasting Buckinghamshire Public Access URL for the live consent is linked.",
        "power": {
          "grid_connection_mw": {
            "value": 160,
            "unit": "MVA",
            "basis": "stated",
            "source": "CyrusOne LON6 page: 160 MVA power capacity via 132 kV feeds",
            "page": null,
            "archived": null
          },
          "it_load_mw": {
            "value": 90,
            "unit": "MW",
            "basis": "stated",
            "source": "CyrusOne LON6 page: 90 MW Total Megawatts IT Capacity",
            "page": null,
            "archived": null
          },
          "phase_1_mw": null,
          "max_proposed_mw": {
            "value": 90,
            "unit": "MW",
            "basis": "stated",
            "source": "CyrusOne LON6: 90 MW IT capacity",
            "page": null,
            "archived": null
          }
        },
        "land": {
          "acres": null,
          "previous_use": "Iver Heath industrial / countryside fringe plot",
          "land_type": "industrial_active",
          "alc_grades": null
        },
        "timeline": [],
        "sources": [
          {
            "label": "CyrusOne: LON6 Iver Heath",
            "url": "https://www.cyrusone.com/data-centers/emea/london-uk-lon6",
            "archived": "https://web.archive.org/web/20260704082536/https://www.cyrusone.com/data-centers/emea/london-uk-lon6"
          }
        ],
        "planning_ref": {
          "id": null,
          "url": null
        },
        "water_litres_pa": null,
        "grid_connection": null,
        "cooling": null,
        "claims_on_record": [],
        "operator_response": null,
        "controversies": [],
        "last_reviewed": "2026-07-20",
        "operational_reality": "consented"
      }
    },
    {
      "type": "Feature",
      "geometry": {
        "type": "Point",
        "coordinates": [
          -0.5,
          51.512
        ]
      },
      "properties": {
        "id": "segro-iver-thorney",
        "name": "SEGRO Iver (Thorney Business Park)",
        "operator": "SEGRO",
        "status": "proposed",
        "local_authority": "Buckinghamshire Council",
        "corridor": "west",
        "summary": "SEGRO data centre campus at Thorney Business Park / Thorney Lane, Iver (M25 fringe between Slough and Hayes). Planning materials describe a hybrid multi-building campus (DC1 in detail plus further outline floorspace). Committee / press report planning permission for a three-building campus. Campus megawatts not yet pinned to a single operator MW line here. Held at proposed until lasting portal URL and stated MW are linked.",
        "power": {
          "grid_connection_mw": null,
          "it_load_mw": null,
          "phase_1_mw": null,
          "max_proposed_mw": null
        },
        "land": {
          "acres": {
            "value": 19.5,
            "unit": "acres",
            "basis": "stated",
            "source": "SEGRO planning statement: about 7.9 ha data centre redevelopment within ~18.3 ha red line (about 19.5 acres for DC plot)",
            "page": null,
            "archived": null
          },
          "previous_use": "Thorney Business Park industrial / former gravel workings",
          "land_type": "brownfield",
          "alc_grades": null
        },
        "timeline": [],
        "sources": [
          {
            "label": "DCD: SEGRO Iver planning go-ahead",
            "url": "https://www.datacenterdynamics.com/en/news/segro-gets-green-light-for-three-data-centers-in-slough-uk/",
            "archived": "https://web.archive.org/web/20250724221753/https://www.datacenterdynamics.com/en/news/segro-gets-green-light-for-three-data-centers-in-slough-uk/"
          }
        ],
        "planning_ref": {
          "id": null,
          "url": null
        },
        "water_litres_pa": null,
        "grid_connection": null,
        "cooling": null,
        "claims_on_record": [],
        "operator_response": null,
        "controversies": [],
        "last_reviewed": "2026-07-20",
        "operational_reality": "consented"
      }
    },
    {
      "type": "Feature",
      "geometry": {
        "type": "Point",
        "coordinates": [
          -0.17616,
          51.12743
        ]
      },
      "properties": {
        "id": "digital-realty-lgw15-crawley",
        "name": "Digital Realty LGW15 (Crawley Unit 1)",
        "operator": "Digital Realty",
        "status": "operating",
        "local_authority": "Crawley Borough Council",
        "corridor": "south",
        "summary": "Digital Realty Crawley Unit 1 (LGW15) on the Manor Royal estate, between Crawley and Gatwick — the main scale colo campus on the south M23 fringe. Directory listings cite about 18 MW. Campus has a large 132 kV / 72 MVA power position shared with Unit 2. Mapped as operating from operator or third-party records; no council planning-application URL is linked.",
        "power": {
          "grid_connection_mw": null,
          "it_load_mw": {
            "value": 18,
            "unit": "MW",
            "basis": "stated",
            "source": "Directory listing for Digital Realty LGW15 Crawley Unit 1: about 18 MW",
            "page": null,
            "archived": null
          },
          "phase_1_mw": null,
          "max_proposed_mw": {
            "value": 18,
            "unit": "MW",
            "basis": "stated",
            "source": "Digital Realty LGW15: about 18 MW (directory)",
            "page": null,
            "archived": null
          }
        },
        "land": {
          "acres": null,
          "previous_use": "Manor Royal industrial / business park",
          "land_type": "industrial_active",
          "alc_grades": null
        },
        "timeline": [],
        "sources": [
          {
            "label": "OCOLO: Digital Realty LGW15",
            "url": "https://www.ocolo.io/colocation/digital-realty/london-lgw15-crawley-unit-1/",
            "archived": "https://web.archive.org/web/20260309205448/https://www.ocolo.io/colocation/digital-realty/london-lgw15-crawley-unit-1/"
          },
          {
            "label": "Digital Realty: LGW16 campus context (72 MVA)",
            "url": "https://www.digitalrealty.co.uk/data-centers/emea/london/lgw16",
            "archived": "https://web.archive.org/web/20250909040950/https://www.digitalrealty.co.uk/data-centers/emea/london/lgw16"
          }
        ],
        "planning_ref": {
          "id": null,
          "url": null
        },
        "water_litres_pa": null,
        "grid_connection": null,
        "cooling": null,
        "claims_on_record": [],
        "operator_response": null,
        "controversies": [],
        "last_reviewed": "2026-07-20",
        "beyond_m25": true,
        "operational_reality": "operating"
      }
    },
    {
      "type": "Feature",
      "geometry": {
        "type": "Point",
        "coordinates": [
          -0.17679,
          51.12907
        ]
      },
      "properties": {
        "id": "digital-realty-lgw16-crawley",
        "name": "Digital Realty LGW16 (Crawley Unit 2)",
        "operator": "Digital Realty",
        "status": "operating",
        "local_authority": "Crawley Borough Council",
        "corridor": "south",
        "summary": "Digital Realty Crawley Unit 2 (LGW16) on Connect Way, Manor Royal. Colo-X states 12 MW IT load across four halls; some directories cite about 16 MW total power. Part of the Gatwick Diamond / south London metro campus with 72 MVA campus power availability. Mapped as operating from operator or third-party records; no council planning-application URL is linked.",
        "power": {
          "grid_connection_mw": null,
          "it_load_mw": {
            "value": 16,
            "unit": "MW",
            "basis": "stated",
            "source": "Directory (datacenters.com / datacentermap): Digital Realty LGW16 (Crawley Unit 2) about 16 MW available power",
            "page": null,
            "archived": null
          },
          "phase_1_mw": null,
          "max_proposed_mw": {
            "value": 16,
            "unit": "MW",
            "basis": "stated",
            "source": "Directory (datacenters.com / datacentermap): Digital Realty LGW16 (Crawley Unit 2) about 16 MW available power",
            "page": null,
            "archived": null
          }
        },
        "land": {
          "acres": null,
          "previous_use": "Manor Royal industrial / business park",
          "land_type": "industrial_active",
          "alc_grades": null
        },
        "timeline": [],
        "sources": [
          {
            "label": "Colo-X: Digital Realty Crawley Unit 2",
            "url": "https://www.colo-x.com/data-centre/digital-realty-crawley-unit2-data-centre/",
            "archived": "https://web.archive.org/web/20260724011043/https://www.colo-x.com/data-centre/digital-realty-crawley-unit2-data-centre/"
          },
          {
            "label": "Digital Realty: LGW16",
            "url": "https://www.digitalrealty.co.uk/data-centers/emea/london/lgw16",
            "archived": "https://web.archive.org/web/20250909040950/https://www.digitalrealty.co.uk/data-centers/emea/london/lgw16"
          }
        ],
        "planning_ref": {
          "id": null,
          "url": null
        },
        "water_litres_pa": null,
        "grid_connection": null,
        "cooling": null,
        "claims_on_record": [],
        "operator_response": null,
        "controversies": [],
        "last_reviewed": "2026-07-25",
        "beyond_m25": true,
        "operational_reality": "operating"
      }
    },
    {
      "type": "Feature",
      "geometry": {
        "type": "Point",
        "coordinates": [
          -0.63607,
          51.52347
        ]
      },
      "properties": {
        "id": "equinix-ld4-slough",
        "name": "Equinix LD4 (Slough)",
        "operator": "Equinix",
        "status": "operating",
        "local_authority": "Slough Borough Council",
        "corridor": "west",
        "summary": "Equinix LD4 IBX on Buckingham Avenue, Slough Trading Estate — the original core of the Slough interconnection campus. Trade directories commonly assign about 16 MW IT to LD4 within the wider LD4–LD10 cluster. Mapped as operating from operator or third-party records; no council planning-application URL is linked.",
        "power": {
          "grid_connection_mw": null,
          "it_load_mw": {
            "value": 16,
            "unit": "MW",
            "basis": "stated",
            "source": "Secondary trade / directory reporting of Equinix LD4 IT power (about 16 MW)",
            "page": null,
            "archived": null
          },
          "phase_1_mw": null,
          "max_proposed_mw": {
            "value": 16,
            "unit": "MW",
            "basis": "stated",
            "source": "Equinix LD4: about 16 MW IT (secondary)",
            "page": null,
            "archived": null
          }
        },
        "land": {
          "acres": null,
          "previous_use": "Slough Trading Estate industrial plot",
          "land_type": "industrial_active",
          "alc_grades": null
        },
        "timeline": [],
        "sources": [
          {
            "label": "Colo-X: Equinix LD4",
            "url": "https://www.colo-x.com/data-centre/equinix-ld4-slough/",
            "archived": "https://web.archive.org/web/20240408163434/https://www.colo-x.com/data-centre/equinix-ld4-slough/"
          }
        ],
        "planning_ref": {
          "id": null,
          "url": null
        },
        "water_litres_pa": null,
        "grid_connection": null,
        "cooling": null,
        "claims_on_record": [],
        "operator_response": null,
        "controversies": [],
        "last_reviewed": "2026-07-20",
        "part_of": "equinix-slough-campus",
        "operational_reality": "operating"
      }
    },
    {
      "type": "Feature",
      "geometry": {
        "type": "Point",
        "coordinates": [
          -0.62923,
          51.522
        ]
      },
      "properties": {
        "id": "equinix-ld5-slough",
        "name": "Equinix LD5 (Slough)",
        "operator": "Equinix",
        "status": "operating",
        "local_authority": "Slough Borough Council",
        "corridor": "west",
        "summary": "Equinix LD5 IBX on Buckingham Avenue, Slough Trading Estate. Trade directories commonly assign about 25 MW IT to LD5. Mapped as operating from operator or third-party records; no council planning-application URL is linked.",
        "power": {
          "grid_connection_mw": null,
          "it_load_mw": {
            "value": 25,
            "unit": "MW",
            "basis": "stated",
            "source": "Secondary trade / directory reporting of Equinix LD5 IT power (about 25 MW)",
            "page": null,
            "archived": null
          },
          "phase_1_mw": null,
          "max_proposed_mw": {
            "value": 25,
            "unit": "MW",
            "basis": "stated",
            "source": "Equinix LD5: about 25 MW IT (secondary)",
            "page": null,
            "archived": null
          }
        },
        "land": {
          "acres": null,
          "previous_use": "Slough Trading Estate industrial plot",
          "land_type": "industrial_active",
          "alc_grades": null
        },
        "timeline": [],
        "sources": [
          {
            "label": "Colo-X: Equinix LD5",
            "url": "https://www.colo-x.com/data-centre/equinix-ld5-slough/",
            "archived": "https://web.archive.org/web/20260724011252/https://www.colo-x.com/data-centre/equinix-ld5-slough/"
          }
        ],
        "planning_ref": {
          "id": null,
          "url": null
        },
        "water_litres_pa": null,
        "grid_connection": null,
        "cooling": null,
        "claims_on_record": [],
        "operator_response": null,
        "controversies": [],
        "last_reviewed": "2026-07-20",
        "part_of": "equinix-slough-campus",
        "operational_reality": "operating"
      }
    },
    {
      "type": "Feature",
      "geometry": {
        "type": "Point",
        "coordinates": [
          -0.63521,
          51.52458
        ]
      },
      "properties": {
        "id": "equinix-ld6-slough",
        "name": "Equinix LD6 (Slough)",
        "operator": "Equinix",
        "status": "operating",
        "local_authority": "Slough Borough Council",
        "corridor": "west",
        "summary": "Equinix LD6 IBX on the Slough Trading Estate opposite LD4. Trade directories commonly assign about 16 MW IT to LD6. Mapped as operating from operator or third-party records; no council planning-application URL is linked.",
        "power": {
          "grid_connection_mw": null,
          "it_load_mw": {
            "value": 16,
            "unit": "MW",
            "basis": "stated",
            "source": "Secondary trade / directory reporting of Equinix LD6 IT power (about 16 MW)",
            "page": null,
            "archived": null
          },
          "phase_1_mw": null,
          "max_proposed_mw": {
            "value": 16,
            "unit": "MW",
            "basis": "stated",
            "source": "Equinix LD6: about 16 MW IT (secondary)",
            "page": null,
            "archived": null
          }
        },
        "land": {
          "acres": null,
          "previous_use": "Slough Trading Estate industrial plot",
          "land_type": "industrial_active",
          "alc_grades": null
        },
        "timeline": [],
        "sources": [
          {
            "label": "Equinix: LD6",
            "url": "https://www.equinix.com/data-centers/europe-colocation/united-kingdom-colocation/london-data-centers/ld6",
            "archived": "https://web.archive.org/web/20260415155845/https://www.equinix.com/data-centers/europe-colocation/united-kingdom-colocation/london-data-centers/ld6"
          }
        ],
        "planning_ref": {
          "id": null,
          "url": null
        },
        "water_litres_pa": null,
        "grid_connection": null,
        "cooling": null,
        "claims_on_record": [],
        "operator_response": null,
        "controversies": [],
        "last_reviewed": "2026-07-20",
        "part_of": "equinix-slough-campus",
        "operational_reality": "operating"
      }
    },
    {
      "type": "Feature",
      "geometry": {
        "type": "Point",
        "coordinates": [
          -0.619,
          51.518
        ]
      },
      "properties": {
        "id": "gtr-slough-gb-one",
        "name": "GTR GB One (Slough)",
        "operator": "Global Technical Realty",
        "status": "operating",
        "local_authority": "Slough Borough Council",
        "corridor": "west",
        "summary": "Global Technical Realty GB One campus in Slough. Operator states a 40.5 MW campus across three independent buildings (13.5 MW IT load each). Mapped as operating from operator or third-party records; no council planning-application URL is linked.",
        "power": {
          "grid_connection_mw": null,
          "it_load_mw": {
            "value": 40.5,
            "unit": "MW",
            "basis": "stated",
            "source": "GTR London GB One page: 40.5 MW campus (3 × 13.5 MW IT load)",
            "page": null,
            "archived": null
          },
          "phase_1_mw": null,
          "max_proposed_mw": {
            "value": 40.5,
            "unit": "MW",
            "basis": "stated",
            "source": "GTR GB One: 40.5 MW campus IT load",
            "page": null,
            "archived": null
          }
        },
        "land": {
          "acres": null,
          "previous_use": "Slough Trading Estate industrial plot",
          "land_type": "industrial_active",
          "alc_grades": null
        },
        "timeline": [],
        "sources": [
          {
            "label": "GTR: London GB One",
            "url": "https://globaltechnicalrealty.com/locations/london-gb-one/",
            "archived": "https://web.archive.org/web/20240519232945/https://globaltechnicalrealty.com/locations/london-gb-one/"
          }
        ],
        "planning_ref": {
          "id": null,
          "url": null
        },
        "water_litres_pa": null,
        "grid_connection": null,
        "cooling": null,
        "claims_on_record": [],
        "operator_response": null,
        "controversies": [],
        "last_reviewed": "2026-07-20",
        "operational_reality": "operating"
      }
    },
    {
      "type": "Feature",
      "geometry": {
        "type": "Point",
        "coordinates": [
          -0.07,
          51.519
        ]
      },
      "properties": {
        "id": "digital-realty-hanbury-street",
        "name": "Digital Realty LON1 (Hanbury Street)",
        "operator": "Digital Realty",
        "status": "operating",
        "local_authority": "London Borough of Tower Hamlets",
        "corridor": "inner",
        "summary": "Digital Realty LON1 at 11 Hanbury Street, Spitalfields — part of the London City Campus with Oliver's Yard. Operator publishes building size (about 5,400 m²) but not a single public megawatt total on the LON1 page. Location pin near Brick Lane / Truman. Mapped as operating from operator or third-party records; no council planning-application URL is linked.",
        "power": {
          "grid_connection_mw": null,
          "it_load_mw": {
            "value": 8,
            "unit": "MW",
            "basis": "stated",
            "source": "Directory (datacenters.com): Digital Realty LON1 Hanbury Street about 8 MW total power",
            "page": null,
            "archived": null
          },
          "phase_1_mw": null,
          "max_proposed_mw": {
            "value": 8,
            "unit": "MW",
            "basis": "stated",
            "source": "Directory: Hanbury Street (LON1) ~8 MW",
            "page": null,
            "archived": null
          }
        },
        "land": {
          "acres": null,
          "previous_use": "East London / Spitalfields commercial building",
          "land_type": "industrial_active",
          "alc_grades": null
        },
        "timeline": [],
        "sources": [
          {
            "label": "Digital Realty: LON1 Hanbury Street",
            "url": "https://www.digitalrealty.co.uk/data-centers/emea/london/lon1",
            "archived": "https://web.archive.org/web/20250909033729/https://www.digitalrealty.co.uk/data-centers/emea/london/lon1"
          }
        ],
        "planning_ref": {
          "id": null,
          "url": null
        },
        "water_litres_pa": null,
        "grid_connection": null,
        "cooling": null,
        "claims_on_record": [],
        "operator_response": null,
        "controversies": [],
        "last_reviewed": "2026-07-25",
        "operational_reality": "operating"
      }
    },
    {
      "type": "Feature",
      "geometry": {
        "type": "Point",
        "coordinates": [
          -0.44633,
          51.50278
        ]
      },
      "properties": {
        "id": "cyrusone-lon2-west-drayton",
        "name": "CyrusOne LON2 (West Drayton)",
        "operator": "CyrusOne",
        "status": "operating",
        "local_authority": "London Borough of Hillingdon",
        "corridor": "west",
        "summary": "CyrusOne LON2 at Prologis Park Heathrow, Stockley Road, West Drayton. Operator states 13.92 MW of IT load and 7,484 m² of technical space. Mapped as operating from operator or third-party records; no council planning-application URL is linked.",
        "power": {
          "grid_connection_mw": null,
          "it_load_mw": {
            "value": 13.92,
            "unit": "MW",
            "basis": "stated",
            "source": "CyrusOne LON2 page / datasheet: 13.92 MW of IT load",
            "page": null,
            "archived": null
          },
          "phase_1_mw": null,
          "max_proposed_mw": {
            "value": 13.92,
            "unit": "MW",
            "basis": "stated",
            "source": "CyrusOne LON2: 13.92 MW IT capacity",
            "page": null,
            "archived": null
          }
        },
        "land": {
          "acres": null,
          "previous_use": "Prologis Park Heathrow industrial / logistics park",
          "land_type": "industrial_active",
          "alc_grades": null
        },
        "timeline": [],
        "sources": [
          {
            "label": "CyrusOne: LON2",
            "url": "https://www.cyrusone.com/data-centers/emea/london-uk-lon2",
            "archived": "https://web.archive.org/web/20260714062105/https://www.cyrusone.com/data-centers/emea/london-uk-lon2"
          }
        ],
        "planning_ref": {
          "id": null,
          "url": null
        },
        "water_litres_pa": null,
        "grid_connection": null,
        "cooling": null,
        "claims_on_record": [],
        "operator_response": null,
        "controversies": [],
        "last_reviewed": "2026-07-20",
        "operational_reality": "operating"
      }
    },
    {
      "type": "Feature",
      "geometry": {
        "type": "Point",
        "coordinates": [
          -0.62694,
          51.52594
        ]
      },
      "properties": {
        "id": "cyrusone-lon3-slough",
        "name": "CyrusOne LON3 (Slough)",
        "operator": "CyrusOne",
        "status": "operating",
        "local_authority": "Slough Borough Council",
        "corridor": "west",
        "summary": "CyrusOne LON3 at Stirling Road, Slough. Operator states 9 MW of IT capacity and 3,600 m² of technical space. Mapped as operating from operator or third-party records; no council planning-application URL is linked.",
        "power": {
          "grid_connection_mw": null,
          "it_load_mw": {
            "value": 9,
            "unit": "MW",
            "basis": "stated",
            "source": "CyrusOne LON3 page: 9 MW Total Megawatts IT Capacity",
            "page": null,
            "archived": null
          },
          "phase_1_mw": null,
          "max_proposed_mw": {
            "value": 9,
            "unit": "MW",
            "basis": "stated",
            "source": "CyrusOne LON3: 9 MW IT capacity",
            "page": null,
            "archived": null
          }
        },
        "land": {
          "acres": null,
          "previous_use": "Slough Trading Estate industrial plot",
          "land_type": "industrial_active",
          "alc_grades": null
        },
        "timeline": [],
        "sources": [
          {
            "label": "CyrusOne: LON3",
            "url": "https://www.cyrusone.com/data-centers/emea/london-uk-lon3",
            "archived": "https://web.archive.org/web/20260516141909/https://www.cyrusone.com/data-centers/emea/london-uk-lon3"
          }
        ],
        "planning_ref": {
          "id": null,
          "url": null
        },
        "water_litres_pa": null,
        "grid_connection": null,
        "cooling": null,
        "claims_on_record": [],
        "operator_response": null,
        "controversies": [],
        "last_reviewed": "2026-07-20",
        "operational_reality": "operating"
      }
    },
    {
      "type": "Feature",
      "geometry": {
        "type": "Point",
        "coordinates": [
          -0.62895,
          51.51655
        ]
      },
      "properties": {
        "id": "cyrusone-lon4-slough",
        "name": "CyrusOne LON4 (Slough)",
        "operator": "CyrusOne",
        "status": "operating",
        "local_authority": "Slough Borough Council",
        "corridor": "west",
        "summary": "CyrusOne LON4 at 225B Bath Road, Slough. Operator states 18 MW IT capacity and 9,526 m² of technical space. Mapped as operating from operator or third-party records; no council planning-application URL is linked.",
        "power": {
          "grid_connection_mw": null,
          "it_load_mw": {
            "value": 18,
            "unit": "MW",
            "basis": "stated",
            "source": "CyrusOne LON4 page: 18 MW Total Megawatts IT Capacity",
            "page": null,
            "archived": null
          },
          "phase_1_mw": null,
          "max_proposed_mw": {
            "value": 18,
            "unit": "MW",
            "basis": "stated",
            "source": "CyrusOne LON4: 18 MW IT capacity",
            "page": null,
            "archived": null
          }
        },
        "land": {
          "acres": null,
          "previous_use": "Bath Road / Slough industrial fringe",
          "land_type": "industrial_active",
          "alc_grades": null
        },
        "timeline": [],
        "sources": [
          {
            "label": "CyrusOne: LON4",
            "url": "https://www.cyrusone.com/data-centers/emea/london-uk-lon4",
            "archived": "https://web.archive.org/web/20260423031340/https://www.cyrusone.com/data-centers/emea/london-uk-lon4"
          }
        ],
        "planning_ref": {
          "id": null,
          "url": null
        },
        "water_litres_pa": null,
        "grid_connection": null,
        "cooling": null,
        "claims_on_record": [],
        "operator_response": null,
        "controversies": [],
        "last_reviewed": "2026-07-20",
        "operational_reality": "operating"
      }
    },
    {
      "type": "Feature",
      "geometry": {
        "type": "Point",
        "coordinates": [
          -0.62707,
          51.51593
        ]
      },
      "properties": {
        "id": "cyrusone-lon5-slough",
        "name": "CyrusOne LON5 (Slough)",
        "operator": "CyrusOne",
        "status": "operating",
        "local_authority": "Slough Borough Council",
        "corridor": "west",
        "summary": "CyrusOne LON5 at 225C Bath Road, Slough. Operator states 18 MW IT capacity and 6,452 m² of technical space, with active/active dual redundant supplies of 27 MVA. Mapped as operating from operator or third-party records; no council planning-application URL is linked.",
        "power": {
          "grid_connection_mw": {
            "value": 27,
            "unit": "MVA",
            "basis": "stated",
            "source": "CyrusOne LON5 page: Active/Active dual redundant power supplies of 27 MVA",
            "page": null,
            "archived": null
          },
          "it_load_mw": {
            "value": 18,
            "unit": "MW",
            "basis": "stated",
            "source": "CyrusOne LON5 page: 18 MW Total Megawatts IT Capacity",
            "page": null,
            "archived": null
          },
          "phase_1_mw": null,
          "max_proposed_mw": {
            "value": 18,
            "unit": "MW",
            "basis": "stated",
            "source": "CyrusOne LON5: 18 MW IT capacity",
            "page": null,
            "archived": null
          }
        },
        "land": {
          "acres": null,
          "previous_use": "Bath Road / Slough industrial fringe",
          "land_type": "industrial_active",
          "alc_grades": null
        },
        "timeline": [],
        "sources": [
          {
            "label": "CyrusOne: LON5",
            "url": "https://www.cyrusone.com/data-centers/emea/london-uk-lon5",
            "archived": "https://web.archive.org/web/20260516141909/https://www.cyrusone.com/data-centers/emea/london-uk-lon5"
          }
        ],
        "planning_ref": {
          "id": null,
          "url": null
        },
        "water_litres_pa": null,
        "grid_connection": null,
        "cooling": null,
        "claims_on_record": [],
        "operator_response": null,
        "controversies": [],
        "last_reviewed": "2026-07-20",
        "operational_reality": "operating"
      }
    },
    {
      "type": "Feature",
      "geometry": {
        "type": "Point",
        "coordinates": [
          -0.45,
          51.51
        ]
      },
      "properties": {
        "id": "virtus-london14-stockley",
        "name": "VIRTUS LONDON14 (Stockley Park)",
        "operator": "VIRTUS Data Centres (STT GDC)",
        "status": "operating",
        "local_authority": "London Borough of Hillingdon",
        "corridor": "west",
        "summary": "VIRTUS Stockley Park campus building LONDON14 (bespoke design on the operator campus page; about 8,400 m² NTM). Directory listings commonly cite about 22 MW for LONDON14 at Horton Road / West Drayton. Mapped as operating from operator or third-party records; no council planning-application URL is linked.",
        "power": {
          "grid_connection_mw": null,
          "it_load_mw": {
            "value": 22,
            "unit": "MW",
            "basis": "stated",
            "source": "Directory listing for VIRTUS LONDON14 West Drayton / Stockley: about 22 MW",
            "page": null,
            "archived": null
          },
          "phase_1_mw": null,
          "max_proposed_mw": {
            "value": 22,
            "unit": "MW",
            "basis": "stated",
            "source": "VIRTUS LONDON14: about 22 MW (directory)",
            "page": null,
            "archived": null
          }
        },
        "land": {
          "acres": null,
          "previous_use": "Stockley Park / West Drayton business park fringe",
          "land_type": "industrial_active",
          "alc_grades": null
        },
        "timeline": [],
        "sources": [
          {
            "label": "VIRTUS: Stockley Park campus (LONDON14)",
            "url": "https://virtusdatacentres.com/locations/uk/london/stockley-park-campus",
            "archived": "https://web.archive.org/web/20260310165201/https://virtusdatacentres.com/locations/uk/london/stockley-park-campus"
          }
        ],
        "planning_ref": {
          "id": null,
          "url": null
        },
        "water_litres_pa": null,
        "grid_connection": null,
        "cooling": null,
        "claims_on_record": [],
        "operator_response": null,
        "controversies": [],
        "last_reviewed": "2026-07-20",
        "operational_reality": "operating"
      }
    },
    {
      "type": "Feature",
      "geometry": {
        "type": "Point",
        "coordinates": [
          -0.63453,
          51.52554
        ]
      },
      "properties": {
        "id": "equinix-ld7-slough",
        "name": "Equinix LD7 (Slough)",
        "operator": "Equinix",
        "status": "operating",
        "local_authority": "Slough Borough Council",
        "corridor": "west",
        "summary": "Equinix LD7 IBX on Banbury Avenue, Slough Trading Estate. Operator publishes building area (about 6,694 m²) but not a single public megawatt total on the IBX page. Mapped as operating from operator or third-party records; no council planning-application URL is linked.",
        "power": {
          "grid_connection_mw": null,
          "it_load_mw": null,
          "phase_1_mw": null,
          "max_proposed_mw": null
        },
        "land": {
          "acres": null,
          "previous_use": "Slough Trading Estate industrial plot",
          "land_type": "industrial_active",
          "alc_grades": null
        },
        "timeline": [],
        "sources": [
          {
            "label": "Equinix: LD7",
            "url": "https://www.equinix.com/data-centers/europe-colocation/united-kingdom-colocation/london-data-centers/ld7",
            "archived": "https://web.archive.org/web/20221210115604/https://www.equinix.com/data-centers/europe-colocation/united-kingdom-colocation/london-data-centers/ld7"
          }
        ],
        "planning_ref": {
          "id": null,
          "url": null
        },
        "water_litres_pa": null,
        "grid_connection": null,
        "cooling": null,
        "claims_on_record": [],
        "operator_response": null,
        "controversies": [],
        "last_reviewed": "2026-07-20",
        "part_of": "equinix-slough-campus",
        "operational_reality": "operating"
      }
    },
    {
      "type": "Feature",
      "geometry": {
        "type": "Point",
        "coordinates": [
          -0.62467,
          51.5223
        ]
      },
      "properties": {
        "id": "equinix-ld10-slough",
        "name": "Equinix LD10 (Slough)",
        "operator": "Equinix",
        "status": "operating",
        "local_authority": "Slough Borough Council",
        "corridor": "west",
        "summary": "Equinix LD10 at 13 Liverpool Road, Slough (former IO UK). Directory sources put about 9–12 MW at the hall; much of the site capacity was later oriented to the LD13x hyperscale joint venture. Mapped as operating from operator or third-party records; no council planning-application URL is linked.",
        "power": {
          "grid_connection_mw": null,
          "it_load_mw": {
            "value": 9,
            "unit": "MW",
            "basis": "stated",
            "source": "Directory listing for Equinix LD10 Slough: about 9 MW total power",
            "page": null,
            "archived": null
          },
          "phase_1_mw": null,
          "max_proposed_mw": {
            "value": 9,
            "unit": "MW",
            "basis": "stated",
            "source": "Equinix LD10: about 9 MW (directory)",
            "page": null,
            "archived": null
          }
        },
        "land": {
          "acres": null,
          "previous_use": "Slough Trading Estate industrial plot (former IO)",
          "land_type": "industrial_active",
          "alc_grades": null
        },
        "timeline": [],
        "sources": [
          {
            "label": "Colo-X: Equinix LD10",
            "url": "https://www.colo-x.com/data-centre/equinix-ld10-data-centre-slough/",
            "archived": "https://web.archive.org/web/20260724011122/https://www.colo-x.com/data-centre/equinix-ld10-data-centre-slough/"
          }
        ],
        "planning_ref": {
          "id": null,
          "url": null
        },
        "water_litres_pa": null,
        "grid_connection": null,
        "cooling": null,
        "claims_on_record": [],
        "operator_response": null,
        "controversies": [],
        "last_reviewed": "2026-07-20",
        "part_of": "equinix-slough-campus",
        "operational_reality": "operating"
      }
    },
    {
      "type": "Feature",
      "geometry": {
        "type": "Point",
        "coordinates": [
          -0.628,
          51.5228
        ]
      },
      "properties": {
        "id": "equinix-ld13x-slough",
        "name": "Equinix LD13x (Slough)",
        "operator": "Equinix (xScale / GIC JV)",
        "status": "operating",
        "local_authority": "Slough Borough Council",
        "corridor": "west",
        "summary": "Equinix LD13x hyperscale portion of the Liverpool Road campus (xScale joint venture with GIC), carved from unused LD10 capacity. Directory listings cite about 9 MW. Mapped as operating from operator or third-party records; no council planning-application URL is linked.",
        "power": {
          "grid_connection_mw": null,
          "it_load_mw": {
            "value": 9,
            "unit": "MW",
            "basis": "stated",
            "source": "Directory listing for Equinix LD13x Slough: about 9 MW",
            "page": null,
            "archived": null
          },
          "phase_1_mw": null,
          "max_proposed_mw": {
            "value": 9,
            "unit": "MW",
            "basis": "stated",
            "source": "Equinix LD13x: about 9 MW (directory)",
            "page": null,
            "archived": null
          }
        },
        "land": {
          "acres": null,
          "previous_use": "Slough Trading Estate — LD10 campus hyperscale tranche",
          "land_type": "industrial_active",
          "alc_grades": null
        },
        "timeline": [],
        "sources": [
          {
            "label": "OCOLO: Equinix LD13x",
            "url": "https://www.ocolo.io/colocation/equinix/slough-ld13x/",
            "archived": null
          }
        ],
        "planning_ref": {
          "id": null,
          "url": null
        },
        "water_litres_pa": null,
        "grid_connection": null,
        "cooling": null,
        "claims_on_record": [],
        "operator_response": null,
        "controversies": [],
        "last_reviewed": "2026-07-20",
        "part_of": "equinix-slough-campus",
        "operational_reality": "operating"
      }
    },
    {
      "type": "Feature",
      "geometry": {
        "type": "Point",
        "coordinates": [
          -0.00127,
          51.51153
        ]
      },
      "properties": {
        "id": "telehouse-east",
        "name": "Telehouse East (Docklands)",
        "operator": "Telehouse (KDDI)",
        "status": "operating",
        "local_authority": "London Borough of Tower Hamlets",
        "corridor": "east",
        "summary": "Telehouse East on the Docklands campus (Coronation Road cluster), one of the original LINX-heavy halls alongside North and West. Campus-level megawatts are published for other halls; this pin is a distinct building location until a hall-specific lasting MW figure is linked. Mapped as operating from operator or third-party records; no council planning-application URL is linked.",
        "power": {
          "grid_connection_mw": null,
          "it_load_mw": null,
          "phase_1_mw": null,
          "max_proposed_mw": null
        },
        "land": {
          "acres": null,
          "previous_use": "Docklands industrial / carrier campus",
          "land_type": "industrial_active",
          "alc_grades": null
        },
        "timeline": [],
        "sources": [
          {
            "label": "Telehouse: London data centres",
            "url": "https://www.telehouse.net/data-centre-services/uk/london/",
            "archived": "https://web.archive.org/web/20260305103713/https://www.telehouse.net/data-centre-services/uk/london/"
          }
        ],
        "planning_ref": {
          "id": null,
          "url": null
        },
        "water_litres_pa": null,
        "grid_connection": null,
        "cooling": null,
        "claims_on_record": [],
        "operator_response": null,
        "controversies": [],
        "last_reviewed": "2026-07-20",
        "part_of": "telehouse-docklands",
        "operational_reality": "operating"
      }
    },
    {
      "type": "Feature",
      "geometry": {
        "type": "Point",
        "coordinates": [
          -0.6151,
          51.5166
        ]
      },
      "properties": {
        "id": "ntt-slough-3",
        "name": "NTT Slough 3 (SL3)",
        "operator": "NTT Global Data Centers",
        "status": "operating",
        "local_authority": "Slough Borough Council",
        "corridor": "west",
        "summary": "NTT Slough 3 at 665 Ajax Avenue, Slough Trading Estate. Operator states a maximum of 2.7 MW of critical IT load and about 1,500+ m² of server space. Mapped as operating from operator or third-party records; no council planning-application URL is linked.",
        "power": {
          "grid_connection_mw": null,
          "it_load_mw": {
            "value": 2.7,
            "unit": "MW",
            "basis": "stated",
            "source": "NTT Slough 3 page: maximum of 2.7 MW of IT load",
            "page": null,
            "archived": null
          },
          "phase_1_mw": null,
          "max_proposed_mw": {
            "value": 2.7,
            "unit": "MW",
            "basis": "stated",
            "source": "NTT Slough 3: 2.7 MW IT load",
            "page": null,
            "archived": null
          }
        },
        "land": {
          "acres": null,
          "previous_use": "Slough Trading Estate industrial plot",
          "land_type": "industrial_active",
          "alc_grades": null
        },
        "timeline": [],
        "sources": [
          {
            "label": "NTT: Slough 3 Data Center",
            "url": "https://services.global.ntt/en-us/services-and-products/global-data-centers/global-locations/emea/slough-3-data-center",
            "archived": "https://web.archive.org/web/20260420153252/https://services.global.ntt/en-us/services-and-products/global-data-centers/global-locations/emea/slough-3-data-center"
          }
        ],
        "planning_ref": {
          "id": null,
          "url": null
        },
        "water_litres_pa": null,
        "grid_connection": null,
        "cooling": null,
        "claims_on_record": [],
        "operator_response": null,
        "controversies": [],
        "last_reviewed": "2026-07-20",
        "operational_reality": "operating"
      }
    },
    {
      "type": "Feature",
      "geometry": {
        "type": "Point",
        "coordinates": [
          0.12929,
          51.76917
        ]
      },
      "properties": {
        "id": "kao-klon-01-harlow",
        "name": "Kao Data KLON-01 (Harlow)",
        "operator": "Kao Data",
        "status": "operating",
        "local_authority": "Harlow District Council",
        "corridor": "north",
        "summary": "Kao Data KLON-01 at the Harlow campus. Operator states 8.8 MW operational for KLON-01. Mapped as operating from operator or third-party records; no council planning-application URL is linked.",
        "power": {
          "grid_connection_mw": null,
          "it_load_mw": {
            "value": 8.8,
            "unit": "MW",
            "basis": "stated",
            "source": "Kao Data Harlow page: KLON-01 8.8 MW Operational",
            "page": null,
            "archived": null
          },
          "phase_1_mw": null,
          "max_proposed_mw": {
            "value": 8.8,
            "unit": "MW",
            "basis": "stated",
            "source": "Kao KLON-01: 8.8 MW",
            "page": null,
            "archived": null
          }
        },
        "land": {
          "acres": null,
          "previous_use": "Harlow campus industrial / research setting",
          "land_type": "industrial_active",
          "alc_grades": null
        },
        "timeline": [],
        "sources": [
          {
            "label": "Kao Data: Harlow",
            "url": "https://kaodata.com/locations/harlow/",
            "archived": "https://web.archive.org/web/20260608145512/https://kaodata.com/locations/harlow/"
          }
        ],
        "planning_ref": {
          "id": null,
          "url": null
        },
        "water_litres_pa": null,
        "grid_connection": null,
        "cooling": null,
        "claims_on_record": [],
        "operator_response": null,
        "controversies": [],
        "last_reviewed": "2026-07-20",
        "part_of": "kao-harlow-campus",
        "operational_reality": "operating"
      }
    },
    {
      "type": "Feature",
      "geometry": {
        "type": "Point",
        "coordinates": [
          0.12938,
          51.7701
        ]
      },
      "properties": {
        "id": "kao-klon-02-harlow",
        "name": "Kao Data KLON-02 (Harlow)",
        "operator": "Kao Data",
        "status": "operating",
        "local_authority": "Harlow District Council",
        "corridor": "north",
        "summary": "Kao Data KLON-02 at the Harlow campus. Operator states 8.8 MW operational for KLON-02. Mapped as operating from operator or third-party records; no council planning-application URL is linked.",
        "power": {
          "grid_connection_mw": null,
          "it_load_mw": {
            "value": 8.8,
            "unit": "MW",
            "basis": "stated",
            "source": "Kao Data Harlow page: KLON-02 8.8 MW Operational",
            "page": null,
            "archived": null
          },
          "phase_1_mw": null,
          "max_proposed_mw": {
            "value": 8.8,
            "unit": "MW",
            "basis": "stated",
            "source": "Kao KLON-02: 8.8 MW",
            "page": null,
            "archived": null
          }
        },
        "land": {
          "acres": null,
          "previous_use": "Harlow campus industrial / research setting",
          "land_type": "industrial_active",
          "alc_grades": null
        },
        "timeline": [],
        "sources": [
          {
            "label": "Kao Data: Harlow",
            "url": "https://kaodata.com/locations/harlow/",
            "archived": "https://web.archive.org/web/20260608145512/https://kaodata.com/locations/harlow/"
          }
        ],
        "planning_ref": {
          "id": null,
          "url": null
        },
        "water_litres_pa": null,
        "grid_connection": null,
        "cooling": null,
        "claims_on_record": [],
        "operator_response": null,
        "controversies": [],
        "last_reviewed": "2026-07-20",
        "part_of": "kao-harlow-campus",
        "operational_reality": "operating"
      }
    },
    {
      "type": "Feature",
      "geometry": {
        "type": "Point",
        "coordinates": [
          0.13074,
          51.77087
        ]
      },
      "properties": {
        "id": "kao-klon-03-harlow",
        "name": "Kao Data KLON-03 (Harlow)",
        "operator": "Kao Data",
        "status": "proposed",
        "local_authority": "Harlow District Council",
        "corridor": "north",
        "summary": "Kao Data KLON-03 at Harlow — operator lists 17.6 MW under development (liquid-cooled AI hall in operator news). Held at proposed until a lasting portal URL is linked (not upgraded to under construction without that URL).",
        "power": {
          "grid_connection_mw": null,
          "it_load_mw": {
            "value": 17.6,
            "unit": "MW",
            "basis": "stated",
            "source": "Kao Data Harlow page: KLON-03 17.6 MW Under Development",
            "page": null,
            "archived": null
          },
          "phase_1_mw": null,
          "max_proposed_mw": {
            "value": 17.6,
            "unit": "MW",
            "basis": "stated",
            "source": "Kao KLON-03: 17.6 MW",
            "page": null,
            "archived": null
          }
        },
        "land": {
          "acres": null,
          "previous_use": "Harlow campus expansion plot",
          "land_type": "industrial_active",
          "alc_grades": null
        },
        "timeline": [],
        "sources": [
          {
            "label": "Kao Data: Harlow",
            "url": "https://kaodata.com/locations/harlow/",
            "archived": "https://web.archive.org/web/20260608145512/https://kaodata.com/locations/harlow/"
          }
        ],
        "planning_ref": {
          "id": null,
          "url": null
        },
        "water_litres_pa": null,
        "grid_connection": null,
        "cooling": null,
        "claims_on_record": [],
        "operator_response": null,
        "controversies": [],
        "last_reviewed": "2026-07-20",
        "part_of": "kao-harlow-campus",
        "operational_reality": "under_construction"
      }
    },
    {
      "type": "Feature",
      "geometry": {
        "type": "Point",
        "coordinates": [
          0.129,
          51.779
        ]
      },
      "properties": {
        "id": "kao-klon-04-harlow",
        "name": "Kao Data KLON-04 (Harlow)",
        "operator": "Kao Data",
        "status": "proposed",
        "local_authority": "Harlow District Council",
        "corridor": "north",
        "summary": "Kao Data KLON-04 at Harlow — operator lists 36 MW planned. Held at proposed until a lasting portal URL is linked.",
        "power": {
          "grid_connection_mw": null,
          "it_load_mw": {
            "value": 36,
            "unit": "MW",
            "basis": "stated",
            "source": "Kao Data Harlow page: KLON-04 36 MW Planned",
            "page": null,
            "archived": null
          },
          "phase_1_mw": null,
          "max_proposed_mw": {
            "value": 36,
            "unit": "MW",
            "basis": "stated",
            "source": "Kao KLON-04: 36 MW planned",
            "page": null,
            "archived": null
          }
        },
        "land": {
          "acres": null,
          "previous_use": "Harlow campus expansion plot",
          "land_type": "industrial_active",
          "alc_grades": null
        },
        "timeline": [],
        "sources": [
          {
            "label": "Kao Data: Harlow",
            "url": "https://kaodata.com/locations/harlow/",
            "archived": "https://web.archive.org/web/20260608145512/https://kaodata.com/locations/harlow/"
          }
        ],
        "planning_ref": {
          "id": null,
          "url": null
        },
        "water_litres_pa": null,
        "grid_connection": null,
        "cooling": null,
        "claims_on_record": [],
        "operator_response": null,
        "controversies": [],
        "last_reviewed": "2026-07-20",
        "part_of": "kao-harlow-campus",
        "operational_reality": "pipeline"
      }
    },
    {
      "type": "Feature",
      "geometry": {
        "type": "Point",
        "coordinates": [
          -0.58805,
          51.32384
        ]
      },
      "properties": {
        "id": "digital-realty-lgw14-woking",
        "name": "Digital Realty LGW14 (Woking)",
        "operator": "Digital Realty",
        "status": "operating",
        "local_authority": "Woking Borough Council",
        "corridor": "south",
        "summary": "Digital Realty LGW14 in Woking on the south-west M25 fringe (Gatwick / Surrey colo set). Hall-specific megawatts not yet itemised here from a single operator disclosure. Mapped as operating from operator or third-party records; no council planning-application URL is linked.",
        "power": {
          "grid_connection_mw": null,
          "it_load_mw": null,
          "phase_1_mw": null,
          "max_proposed_mw": null
        },
        "land": {
          "acres": null,
          "previous_use": "Woking industrial / business park setting",
          "land_type": "industrial_active",
          "alc_grades": null
        },
        "timeline": [],
        "sources": [
          {
            "label": "Digital Realty: London metro data centres (LGW14 Woking in the LGW/Gatwick set)",
            "url": "https://www.digitalrealty.co.uk/data-centers/emea/london",
            "archived": "https://web.archive.org/web/20250909040950/https://www.digitalrealty.co.uk/data-centers/emea/london/lgw16"
          }
        ],
        "planning_ref": {
          "id": null,
          "url": null
        },
        "water_litres_pa": null,
        "grid_connection": null,
        "cooling": null,
        "claims_on_record": [],
        "operator_response": null,
        "controversies": [],
        "last_reviewed": "2026-07-20",
        "beyond_m25": true,
        "operational_reality": "operating"
      }
    },
    {
      "type": "Feature",
      "geometry": {
        "type": "Point",
        "coordinates": [
          -0.04886,
          51.69619
        ]
      },
      "properties": {
        "id": "google-waltham-cross",
        "name": "Google Waltham Cross data centre",
        "operator": "Google",
        "status": "operating",
        "local_authority": "Broxbourne Borough Council",
        "corridor": "north",
        "planning_ref": {
          "id": null,
          "url": null
        },
        "summary": "Google's first owned-and-operated UK data centre, on the former Maxwell's Farm off the A10 Great Cambridge Road, about one mile from M25 J25. Opened September 2025 on a 33-acre site as part of a two-year £5bn UK investment (about $1bn for this facility). Air-cooled, limiting water to domestic use, with off-site heat-recovery provisions. Google does not publicly disclose a megawatt figure. Mapped as operating from operator or third-party records; no council planning-application URL is linked.",
        "power": {
          "grid_connection_mw": null,
          "it_load_mw": null,
          "phase_1_mw": null,
          "max_proposed_mw": null
        },
        "water_litres_pa": null,
        "land": {
          "acres": {
            "value": 33,
            "unit": "acres",
            "basis": "stated",
            "source": "Google / press: about 33-acre Maxwell's Farm site",
            "page": null,
            "archived": null
          },
          "previous_use": "Former Maxwell's Farm agricultural land off the A10 Great Cambridge Road",
          "land_type": "agricultural",
          "alc_grades": null
        },
        "grid_connection": null,
        "cooling": {
          "claim": "Air-cooling technology limiting water use to domestic use; equipped for off-site heat recovery to nearby homes/schools/businesses.",
          "basis": "stated",
          "source": "https://www.googlecloudpresscorner.com/2025-09-16-Google-Opens-Waltham-Cross-Data-Centre-as-Part-of-Two-year-GBP5-Billion-Investment-in-the-UK-to-Help-Power-its-AI-Economy"
        },
        "claims_on_record": [],
        "operator_response": null,
        "timeline": [
          {
            "date": "2020",
            "event": "Google acquires 33-acre Maxwell's Farm site at Waltham Cross",
            "source": "https://datacenters.google/locations/waltham-cross/"
          },
          {
            "date": "2025-09-16",
            "event": "Waltham Cross data centre opened (part of two-year £5bn UK investment)",
            "source": "https://www.googlecloudpresscorner.com/2025-09-16-Google-Opens-Waltham-Cross-Data-Centre-as-Part-of-Two-year-GBP5-Billion-Investment-in-the-UK-to-Help-Power-its-AI-Economy"
          }
        ],
        "controversies": [],
        "sources": [
          {
            "label": "Google: Waltham Cross data center location",
            "url": "https://datacenters.google/locations/waltham-cross/",
            "archived": "https://web.archive.org/web/20260717074906/https://datacenters.google/locations/waltham-cross/"
          },
          {
            "label": "Google: Waltham Cross opening (£5bn UK investment)",
            "url": "https://www.googlecloudpresscorner.com/2025-09-16-Google-Opens-Waltham-Cross-Data-Centre-as-Part-of-Two-year-GBP5-Billion-Investment-in-the-UK-to-Help-Power-its-AI-Economy",
            "archived": "https://web.archive.org/web/20260421232106/https://www.googlecloudpresscorner.com/2025-09-16-Google-Opens-Waltham-Cross-Data-Centre-as-Part-of-Two-year-GBP5-Billion-Investment-in-the-UK-to-Help-Power-its-AI-Economy"
          },
          {
            "label": "New Civil Engineer: Google opens Waltham Cross",
            "url": "https://www.newcivilengineer.com/latest/google-opens-waltham-cross-data-centre-as-part-of-5bn-uk-investment-17-09-2025/",
            "archived": "https://web.archive.org/web/20250917155616/https://www.newcivilengineer.com/latest/google-opens-waltham-cross-data-centre-as-part-of-5bn-uk-investment-17-09-2025/"
          }
        ],
        "last_reviewed": "2026-07-20",
        "operational_reality": "operating"
      }
    },
    {
      "type": "Feature",
      "geometry": {
        "type": "Point",
        "coordinates": [
          -0.223,
          51.692
        ]
      },
      "properties": {
        "id": "equinix-south-mimms",
        "name": "Equinix Hertfordshire Campus (South Mimms)",
        "operator": "Equinix",
        "status": "proposed",
        "local_authority": "Hertsmere Borough Council",
        "corridor": "north",
        "planning_ref": {
          "id": null,
          "url": null
        },
        "summary": "Hyperscale campus on an 85-acre green-belt site near M25 J23 at South Mimms, Hertfordshire (over 2 million sq ft). Originally promoted by DC01UK, which won outline planning permission from Hertsmere on 23 January 2025; the site was sold to Equinix in October 2025 and rebranded the Hertfordshire Campus. About 400 MVA reserved from National Grid; reported £3.9bn and about 250 MW. Construction reported from 2027, completion around 2030. Held at proposed until a lasting Hertsmere Public Access URL is linked; location pin is approximate.",
        "power": {
          "grid_connection_mw": {
            "value": 400,
            "unit": "MVA",
            "basis": "stated",
            "source": "Hertsmere / reporting: 400 MVA power reservation from National Grid",
            "page": null,
            "archived": null
          },
          "it_load_mw": null,
          "phase_1_mw": null,
          "max_proposed_mw": {
            "value": 250,
            "unit": "MW",
            "basis": "stated",
            "source": "Trade reporting: Equinix South Mimms about 250 MW campus",
            "page": null,
            "archived": null
          }
        },
        "water_litres_pa": null,
        "land": {
          "acres": {
            "value": 85,
            "unit": "acres",
            "basis": "stated",
            "source": "Trade reporting: about 85-acre South Mimms site",
            "page": null,
            "archived": null
          },
          "previous_use": "Land near M25 J23, South Mimms",
          "land_type": "agricultural",
          "alc_grades": null
        },
        "grid_connection": null,
        "cooling": null,
        "claims_on_record": [],
        "operator_response": null,
        "timeline": [
          {
            "date": "2025-01-23",
            "event": "DC01UK granted outline planning permission by Hertsmere Borough Council",
            "source": "https://www.hertsmere.gov.uk/news/data-centre-in-hertsmere-given-outline-permission-by-planning-committee"
          },
          {
            "date": "2025-10",
            "event": "Site sold to Equinix (£3.9bn); rebranded the Hertfordshire Campus",
            "source": "https://www.pbctoday.co.uk/news/projects/south-mimms-data-centre-site-sold-for-3-9bn/156575/"
          }
        ],
        "controversies": [],
        "sources": [
          {
            "label": "Hertsmere: outline permission granted",
            "url": "https://www.hertsmere.gov.uk/news/data-centre-in-hertsmere-given-outline-permission-by-planning-committee",
            "archived": null
          },
          {
            "label": "PBC Today: South Mimms site sold for £3.9bn (Equinix)",
            "url": "https://www.pbctoday.co.uk/news/projects/south-mimms-data-centre-site-sold-for-3-9bn/156575/",
            "archived": null
          },
          {
            "label": "DC01UK proposals",
            "url": "https://dc01uk.com/proposals/",
            "archived": null
          }
        ],
        "last_reviewed": "2026-07-25",
        "operational_reality": "consented"
      }
    },
    {
      "type": "Feature",
      "geometry": {
        "type": "Point",
        "coordinates": [
          0.288,
          51.5432
        ]
      },
      "properties": {
        "id": "digital-reef-east-havering",
        "name": "Digital Reef 'London Data Freeport' (East Havering)",
        "operator": "Digital Reef",
        "status": "proposed",
        "local_authority": "London Borough of Havering",
        "corridor": "east",
        "planning_ref": {
          "id": null,
          "url": null
        },
        "summary": "Proposed 175-hectare, about 600 MW campus of up to twelve buildings (up to about 400,000 m²) on agricultural land at Fen Lane / Dunnings Lane, North Ockendon / Upminster; marketed as the 'London Data Freeport' with reported £5.3bn cost and a £116m upgrade to Warley substation for about 445 MW of renewable capacity. Havering approved a draft Local Development Order for consultation (ran March–April 2026). Held at proposed until a lasting Havering Public Access / LDO URL is linked. Location pin is approximate.",
        "power": {
          "grid_connection_mw": {
            "value": 445,
            "unit": "MW",
            "basis": "stated",
            "source": "Reporting: £116m Warley substation upgrade providing about 445 MW renewable capacity",
            "page": null,
            "archived": null
          },
          "it_load_mw": null,
          "phase_1_mw": null,
          "max_proposed_mw": {
            "value": 600,
            "unit": "MW",
            "basis": "stated",
            "source": "Developer / trade reporting: about 600 MW across twelve buildings",
            "page": null,
            "archived": null
          }
        },
        "water_litres_pa": null,
        "land": {
          "acres": {
            "value": 432,
            "unit": "acres",
            "basis": "stated",
            "source": "175 hectares (about 432 acres) at Fen Lane / Dunnings Lane",
            "page": null,
            "archived": null
          },
          "previous_use": "Agricultural land at Fen Lane / Dunnings Lane, North Ockendon / Upminster",
          "land_type": "agricultural",
          "alc_grades": null
        },
        "grid_connection": {
          "summary": "Reporting cites a £116m upgrade to Warley substation providing about 445 MW of renewable capacity.",
          "new_substation": false,
          "overhead_line_upgrades": null,
          "basis": "stated",
          "source": "https://www.datacenterdynamics.com/en/news/175-hectare-600mw-data-center-campus-proposed-outside-london-in-havering/"
        },
        "cooling": null,
        "claims_on_record": [],
        "operator_response": null,
        "timeline": [
          {
            "date": "2026-03",
            "event": "Havering Strategic Planning Committee approves draft Local Development Order for consultation",
            "source": "https://www.datacenterdynamics.com/en/news/175-hectare-600mw-data-center-campus-proposed-outside-london-in-havering/"
          }
        ],
        "controversies": [],
        "sources": [
          {
            "label": "DCD: 175-hectare, 600 MW Havering campus",
            "url": "https://www.datacenterdynamics.com/en/news/175-hectare-600mw-data-center-campus-proposed-outside-london-in-havering/",
            "archived": "https://web.archive.org/web/20250720203513/https://www.datacenterdynamics.com/en/news/175-hectare-600mw-data-center-campus-proposed-outside-london-in-havering/"
          },
          {
            "label": "East London Times: East Havering data centre plans",
            "url": "https://eastlondontimes.co.uk/help-resources/east-havering-data-centre-plans-what-it-means-for-the-borough/",
            "archived": null
          }
        ],
        "last_reviewed": "2026-07-20",
        "operational_reality": "pipeline"
      }
    },
    {
      "type": "Feature",
      "geometry": {
        "type": "Point",
        "coordinates": [
          -0.421,
          51.508
        ]
      },
      "properties": {
        "id": "colt-dcs-hayes",
        "name": "Colt DCS Hayes Digital Park",
        "operator": "Colt Data Centre Services",
        "status": "proposed",
        "local_authority": "London Borough of Hillingdon",
        "corridor": "west",
        "planning_ref": {
          "id": null,
          "url": null
        },
        "summary": "Colt DCS hyperscale campus at Hayes, West London. Hillingdon approved a £2.5bn expansion adding three new hyperscale data centres plus an Innovation Hub — about 97 MW of new capacity, taking the campus to about 160 MW total. Construction expected to start mid-2026 with the first building (London 6) live early 2029. Held at proposed until a lasting Hillingdon Public Access URL is linked.",
        "power": {
          "grid_connection_mw": null,
          "it_load_mw": null,
          "phase_1_mw": null,
          "max_proposed_mw": {
            "value": 160,
            "unit": "MW",
            "basis": "stated",
            "source": "Colt DCS: about 160 MW total campus capacity after the +97 MW expansion",
            "page": null,
            "archived": null
          }
        },
        "water_litres_pa": null,
        "land": {
          "acres": null,
          "previous_use": "Hayes industrial / existing Colt data-centre campus",
          "land_type": "industrial_active",
          "alc_grades": null
        },
        "grid_connection": null,
        "cooling": null,
        "claims_on_record": [],
        "operator_response": null,
        "timeline": [
          {
            "date": "2025-11",
            "event": "Hillingdon approves £2.5bn expansion (+97 MW, three hyperscale DCs + Innovation Hub)",
            "source": "https://www.coltdatacentres.net/en-GB/press-releases/data-centres/2025/11/colt-dcs-london-hayes-expansion"
          }
        ],
        "controversies": [],
        "sources": [
          {
            "label": "Colt DCS: £2.5bn West London Hayes expansion",
            "url": "https://www.coltdatacentres.net/en-GB/press-releases/data-centres/2025/11/colt-dcs-london-hayes-expansion",
            "archived": "https://web.archive.org/web/20260309021908/https://www.coltdatacentres.net/en-GB/press-releases/data-centres/2025/11/colt-dcs-london-hayes-expansion"
          }
        ],
        "last_reviewed": "2026-07-20",
        "operational_reality": "consented"
      }
    },
    {
      "type": "Feature",
      "geometry": {
        "type": "Point",
        "coordinates": [
          -0.268,
          51.533
        ]
      },
      "properties": {
        "id": "microsoft-park-royal",
        "name": "Microsoft Park Royal data centre",
        "operator": "Microsoft (Azure)",
        "status": "proposed",
        "local_authority": "London Borough of Ealing",
        "corridor": "west",
        "planning_ref": {
          "id": null,
          "url": null
        },
        "summary": "Microsoft's Park Royal data centre (Azure; code LON01-02) — its largest single data centre in the UK, about 520,750 sq ft over five storeys and roughly 96 MW. Contractor Mace; shell construction reported completing around early 2026 with full Azure operation targeted for 2029. Distinct from the neighbouring Pure DC / SEGRO Premier Park scheme. Held at proposed until a lasting planning portal URL is linked; location pin is approximate.",
        "power": {
          "grid_connection_mw": null,
          "it_load_mw": null,
          "phase_1_mw": null,
          "max_proposed_mw": {
            "value": 96,
            "unit": "MW",
            "basis": "stated",
            "source": "Microsoft / reporting: about 96 MW across 520,750 sq ft over five storeys — Microsoft's largest single UK data centre",
            "page": null,
            "archived": null
          }
        },
        "water_litres_pa": null,
        "land": {
          "acres": null,
          "previous_use": "Park Royal industrial",
          "land_type": "industrial_active",
          "alc_grades": null
        },
        "grid_connection": null,
        "cooling": null,
        "claims_on_record": [],
        "operator_response": null,
        "timeline": [
          {
            "date": "2025",
            "event": "Planners approve about £1bn Microsoft data centre in Park Royal (contractor Mace)",
            "source": "https://uk.finance.yahoo.com/news/huge-1bn-data-centre-park-121117297.html"
          }
        ],
        "controversies": [],
        "sources": [
          {
            "label": "Reporting: £1bn Park Royal data centre approved",
            "url": "https://uk.finance.yahoo.com/news/huge-1bn-data-centre-park-121117297.html",
            "archived": null
          },
          {
            "label": "Baxtel: Microsoft Park Royal",
            "url": "https://baxtel.com/data-center/microsoft-park-royal",
            "archived": "https://web.archive.org/web/20240717101446/https://baxtel.com/data-center/microsoft-park-royal"
          },
          {
            "label": "Microsoft Local: Park Royal datacentre overview",
            "url": "https://local.microsoft.com/blog/park-royal-datacentre-construction-overview/",
            "archived": null
          }
        ],
        "last_reviewed": "2026-07-25",
        "operational_reality": "under_construction"
      }
    },
    {
      "type": "Feature",
      "geometry": {
        "type": "Point",
        "coordinates": [
          -0.0665,
          51.4975
        ]
      },
      "properties": {
        "id": "netwise-london-central",
        "name": "Netwise London Central (Bermondsey)",
        "operator": "Netwise Hosting",
        "status": "decommissioned",
        "local_authority": "London Borough of Southwark",
        "corridor": "inner",
        "planning_ref": {
          "id": null,
          "url": null
        },
        "summary": "Small colocation data centre at Netwise House, 24 Old Jamaica Road, Bermondsey (SE16 4AW) — a rare inner-London, Southwark facility. About 11,000 ft² (6,000 ft² white space), 200 racks across two halls, dual 250 kW grid feeds (~0.5 MW installed). Operated for years and permanently closed in 2024. Below the map's usual size floor, included as the first decommissioned dossier: it clears the inclusion test on distinctive local impact (an inner-borough data centre, now closed), not on size.",
        "power": {
          "grid_connection_mw": null,
          "it_load_mw": {
            "value": 0.5,
            "unit": "MW",
            "basis": "stated",
            "source": "Netwise London Central facility page: dual 250 kW grid-fed power (about 0.5 MW installed)",
            "page": null,
            "archived": null
          },
          "phase_1_mw": null,
          "max_proposed_mw": {
            "value": 0.5,
            "unit": "MW",
            "basis": "stated",
            "source": "Netwise London Central: ~0.5 MW installed (dual 250 kW)",
            "page": null,
            "archived": null
          }
        },
        "water_litres_pa": null,
        "land": {
          "acres": null,
          "previous_use": "Commercial building / colocation facility (Netwise House), Bermondsey",
          "land_type": "industrial_active",
          "alc_grades": null
        },
        "grid_connection": null,
        "cooling": null,
        "claims_on_record": [],
        "operator_response": null,
        "timeline": [
          {
            "date": "2024",
            "event": "Facility permanently closed",
            "source": "https://www.netwise.co.uk/data-centres/london-central/"
          }
        ],
        "controversies": [],
        "sources": [
          {
            "label": "Netwise: London Central (facility closed 2024)",
            "url": "https://www.netwise.co.uk/data-centres/london-central/",
            "archived": "https://web.archive.org/web/20260414183745/https://www.netwise.co.uk/data-centres/london-central/"
          }
        ],
        "last_reviewed": "2026-07-24",
        "operational_reality": "closed"
      }
    },
    {
      "type": "Feature",
      "geometry": {
        "type": "Point",
        "coordinates": [
          -0.0055,
          51.51066
        ]
      },
      "properties": {
        "id": "global-switch-london-south",
        "name": "Global Switch London South",
        "operator": "Global Switch",
        "status": "proposed",
        "local_authority": "London Borough of Tower Hamlets",
        "corridor": "east",
        "planning_ref": {
          "id": null,
          "url": null
        },
        "operational_reality": "consented",
        "summary": "Third Global Switch data centre on the Docklands campus. Operator reports full planning approval; it will deliver about 40 MW of IT power across roughly 27,000 m². Held at proposed until a lasting Tower Hamlets Public Access URL is linked; location pin is approximate.",
        "power": {
          "grid_connection_mw": null,
          "it_load_mw": {
            "value": 40,
            "unit": "MW",
            "basis": "stated",
            "source": "Global Switch: London South ~40 MW IT power across ~27,000 m²",
            "page": null,
            "archived": null
          },
          "phase_1_mw": null,
          "max_proposed_mw": {
            "value": 40,
            "unit": "MW",
            "basis": "stated",
            "source": "Global Switch: London South ~40 MW IT (full planning approval reported)",
            "page": null,
            "archived": null
          }
        },
        "water_litres_pa": null,
        "land": {
          "acres": null,
          "previous_use": "Docklands data-centre campus",
          "land_type": "industrial_active",
          "alc_grades": null
        },
        "grid_connection": null,
        "cooling": null,
        "claims_on_record": [],
        "operator_response": null,
        "timeline": [
          {
            "date": "2025",
            "event": "Global Switch reports full planning approval for its third London data centre (London South)",
            "source": "https://www.globalswitch.com/announcement/global-switch-receives-full-planning-approval-for-its-third-london-data-centre/"
          }
        ],
        "controversies": [],
        "sources": [
          {
            "label": "Global Switch: full planning approval for third London data centre",
            "url": "https://www.globalswitch.com/announcement/global-switch-receives-full-planning-approval-for-its-third-london-data-centre/",
            "archived": null
          }
        ],
        "last_reviewed": "2026-07-25"
      }
    },
    {
      "type": "Feature",
      "geometry": {
        "type": "Point",
        "coordinates": [
          -0.3709,
          51.5034
        ]
      },
      "properties": {
        "id": "cyrusone-lon7-southall",
        "name": "CyrusOne LON7 / Honey Monster site (Southall)",
        "operator": "CyrusOne (developer Apt, reported)",
        "status": "in_planning",
        "local_authority": "London Borough of Ealing",
        "corridor": "west",
        "planning_ref": {
          "id": "253874FUL",
          "url": "https://pam.ealing.gov.uk/online-applications/applicationDetails.do?activeTab=summary&keyVal=T42GBOJM0KW00"
        },
        "summary": "Hyperscale data centre (Sui Generis) with ancillary offices, affordable workspace / training centre, substation, access, parking and landscaping on the vacant former Honey Monster / Quaker Oats food factory, Bridge Road, Southall UB2 4AE (about 6.8 ha; factory demolished 2022; scheme about 52,000 m²). Application 253874FUL was validated 3 Oct 2025; Ealing planning committee resolved to grant on 15 July 2026, subject to a s106 delivering about £17.8m in contributions. The council portal still shows the application as 'Pending Consideration' (no decision notice issued), so it is mapped as in_planning against the live Ealing Public Access page; operator has not disclosed a clean MW figure.",
        "power": {
          "grid_connection_mw": null,
          "it_load_mw": null,
          "phase_1_mw": null,
          "max_proposed_mw": null
        },
        "water_litres_pa": null,
        "land": {
          "acres": {
            "value": 16.8,
            "unit": "acres",
            "basis": "planning_doc",
            "source": "Ealing committee report 253874FUL: about 6.8 hectares (~16.8 acres)",
            "page": "Committee report",
            "archived": null
          },
          "previous_use": "Honey Monster / Quaker Oats food factory (closed 2016, demolished 2022)",
          "land_type": "brownfield",
          "alc_grades": null
        },
        "grid_connection": null,
        "cooling": null,
        "claims_on_record": [],
        "operator_response": null,
        "timeline": [
          {
            "date": "2025-10-03",
            "event": "Application 253874FUL validated (Ealing)",
            "source": "https://pam.ealing.gov.uk/online-applications/applicationDetails.do?activeTab=summary&keyVal=T42GBOJM0KW00"
          },
          {
            "date": "2026-07-15",
            "event": "Ealing planning committee resolves to grant (253874FUL), subject to s106 (~£17.8m)",
            "source": "https://ealing.moderngov.co.uk/documents/s26379/01%20-%20Former%20Honey%20Monster%20Food%20Factory%20Southall%20UB2%204AE%20-%20253874FUL%20-%20CHNEE.pdf"
          }
        ],
        "controversies": [
          {
            "summary": "Objectors and Foxglove raised London grid capacity and power-demand concerns for a hyperscale campus of this scale",
            "source": "https://www.foxglove.org.uk/2025/11/07/london-council-approves-data-centre-using-power-for-half-a-million-homes/",
            "label": "campaign"
          }
        ],
        "sources": [
          {
            "label": "Ealing Public Access: application 253874FUL (live application page)",
            "url": "https://pam.ealing.gov.uk/online-applications/applicationDetails.do?activeTab=summary&keyVal=T42GBOJM0KW00",
            "archived": null
          },
          {
            "label": "Ealing committee report (253874FUL, 15 July 2026)",
            "url": "https://ealing.moderngov.co.uk/documents/s26379/01%20-%20Former%20Honey%20Monster%20Food%20Factory%20Southall%20UB2%204AE%20-%20253874FUL%20-%20CHNEE.pdf",
            "archived": null
          },
          {
            "label": "DCD: Honey Monster factory site to host CyrusOne data center",
            "url": "https://www.datacenterdynamics.com/en/news/londons-honey-monster-factory-site-set-to-host-cyrusone-data-center/",
            "archived": null
          },
          {
            "label": "Architects' Journal: Apt's hyperscale Southall data centre approved",
            "url": "https://www.architectsjournal.co.uk/news/apts-hyperscale-southall-data-centre-approved",
            "archived": null
          }
        ],
        "last_reviewed": "2026-08-07",
        "operational_reality": "consented"
      }
    },
    {
      "type": "Feature",
      "geometry": {
        "type": "Point",
        "coordinates": [
          -0.5798,
          51.5204
        ]
      },
      "properties": {
        "id": "equinix-wexham-akzonobel",
        "name": "Equinix Wexham Road (former AkzoNobel paint factory)",
        "operator": "Equinix",
        "status": "proposed",
        "local_authority": "Slough Borough Council",
        "corridor": "west",
        "planning_ref": {
          "id": "P/00072/152",
          "url": null
        },
        "summary": "Outline consent for up to about 90,614 m² (GEA) of data-centre development across three buildings on the former AkzoNobel Decorative Paints (Dulux) factory off Wexham Road / Technology Boulevard, Slough SL2 5DB (about 11.5 acres). Slough Borough Council granted outline permission in November 2025 (ref P/00072/152); the s106 was completed on 30 July 2026 (about £2.5m public realm, £568k transport, plus a waste-heat reuse pledge). Slough Council sold the site to Equinix for £143.75m in 2022. Distinct from the Yondr Slough campus. Held at proposed until a lasting Slough Public Access URL is linked; operator has not disclosed a MW figure.",
        "power": {
          "grid_connection_mw": null,
          "it_load_mw": null,
          "phase_1_mw": null,
          "max_proposed_mw": null
        },
        "water_litres_pa": null,
        "land": {
          "acres": {
            "value": 11.5,
            "unit": "acres",
            "basis": "stated",
            "source": "Estates Gazette / Slough Observer: about 11.5-acre former AkzoNobel site",
            "page": null,
            "archived": null
          },
          "previous_use": "AkzoNobel / ICI Dulux decorative paints factory",
          "land_type": "brownfield",
          "alc_grades": null
        },
        "grid_connection": null,
        "cooling": null,
        "claims_on_record": [],
        "operator_response": null,
        "timeline": [
          {
            "date": "2022",
            "event": "Slough Borough Council sells former AkzoNobel site to Equinix for £143.75m",
            "source": "https://www.sloughobserver.co.uk/news/24161875.plans-revealed-100million-site-sold-slough-council/"
          },
          {
            "date": "2025-11",
            "event": "Slough Borough Council grants outline permission (P/00072/152)",
            "source": "https://www.datacenterdynamics.com/en/news/equinix-gets-green-light-for-data-center-campus-at-former-paint-factory-in-slough-uk/"
          },
          {
            "date": "2026-07-30",
            "event": "Section 106 agreement completed",
            "source": "https://www.sloughobserver.co.uk/news/25820556.bucks-council-green-lights-major-equinix-data-centre/"
          }
        ],
        "controversies": [],
        "sources": [
          {
            "label": "DCD: Equinix green light for former paint factory campus, Slough",
            "url": "https://www.datacenterdynamics.com/en/news/equinix-gets-green-light-for-data-center-campus-at-former-paint-factory-in-slough-uk/",
            "archived": null
          },
          {
            "label": "Slough Observer: Bucks council green-lights major Equinix data centre",
            "url": "https://www.sloughobserver.co.uk/news/25820556.bucks-council-green-lights-major-equinix-data-centre/",
            "archived": null
          },
          {
            "label": "Slough moderngov: planning background (AkzoNobel, Wexham Road)",
            "url": "https://slough.moderngov.co.uk/documents/s73324/Appendix%202%20-%20Planning%20Background.pdf",
            "archived": null
          }
        ],
        "last_reviewed": "2026-08-07",
        "operational_reality": "consented"
      }
    },
    {
      "type": "Feature",
      "geometry": {
        "type": "Point",
        "coordinates": [
          -0.2343,
          51.5721
        ]
      },
      "properties": {
        "id": "pure-brent-cross-lon01",
        "name": "Pure DC Brent Cross (LON01)",
        "operator": "Pure Data Centres",
        "status": "operating",
        "local_authority": "London Borough of Barnet",
        "corridor": "north",
        "planning_ref": {
          "id": null,
          "url": null
        },
        "summary": "About 90 MW data-centre campus at Brent Cross, Barnet, representing more than £1bn of investment. Building 1 (LON01A, about 20 MW) has been operational since 2024 and is fully leased; Building 2 (LON01B2, about 70 MW) is under construction (Glencar appointed for the final phase in 2026; completion reported for around Q2 2029). Features include a large living wall and HVO backup generation. Distinct from Pure DC / SEGRO Premier Park (Park Royal, LON02).",
        "power": {
          "grid_connection_mw": null,
          "it_load_mw": null,
          "phase_1_mw": {
            "value": 20,
            "unit": "MW",
            "basis": "stated",
            "source": "Pure DC / Construction News: Building 1 (LON01A) ~20 MW, operational 2024 and fully leased",
            "page": null,
            "archived": null
          },
          "max_proposed_mw": {
            "value": 90,
            "unit": "MW",
            "basis": "stated",
            "source": "Pure DC / GlobeNewswire: ~90 MW total Brent Cross campus (LON01)",
            "page": null,
            "archived": null
          }
        },
        "water_litres_pa": null,
        "land": {
          "acres": null,
          "previous_use": "Former industrial land, Brent Cross",
          "land_type": "brownfield",
          "alc_grades": null
        },
        "grid_connection": null,
        "cooling": null,
        "claims_on_record": [],
        "operator_response": null,
        "timeline": [
          {
            "date": "2024",
            "event": "Building 1 (LON01A, ~20 MW) operational and fully leased",
            "source": "https://www.constructionnews.co.uk/contracts/glencar-lands-final-phase-of-pure-dcs-1bn-brent-cross-data-centre-campus-28-05-2026/"
          },
          {
            "date": "2026-06",
            "event": "Glencar appointed for final phase (Building 2, ~70 MW) of the 90 MW campus",
            "source": "https://www.globenewswire.com/news-release/2026/06/02/3305684/0/en/pure-dc-appoints-glencar-for-next-phase-of-its-90mw-brent-cross-campus-build-out.html"
          }
        ],
        "controversies": [],
        "sources": [
          {
            "label": "Pure DC: London Brent Cross (LON01)",
            "url": "https://puredc.com/london-brent-cross",
            "archived": null
          },
          {
            "label": "GlobeNewswire: Pure DC appoints Glencar for 90 MW Brent Cross build-out",
            "url": "https://www.globenewswire.com/news-release/2026/06/02/3305684/0/en/pure-dc-appoints-glencar-for-next-phase-of-its-90mw-brent-cross-campus-build-out.html",
            "archived": null
          },
          {
            "label": "Construction News: Glencar lands final phase of £1bn Brent Cross campus",
            "url": "https://www.constructionnews.co.uk/contracts/glencar-lands-final-phase-of-pure-dcs-1bn-brent-cross-data-centre-campus-28-05-2026/",
            "archived": null
          }
        ],
        "last_reviewed": "2026-08-07",
        "operational_reality": "operating"
      }
    },
    {
      "type": "Feature",
      "geometry": {
        "type": "Point",
        "coordinates": [
          -0.5135,
          51.5345
        ]
      },
      "properties": {
        "id": "greystoke-woodlands-park-iver",
        "name": "Greystoke Woodlands Park data centre (Iver)",
        "operator": "Greystoke Land / Altrad UK",
        "status": "approved",
        "local_authority": "Buckinghamshire Council",
        "corridor": "west",
        "planning_ref": {
          "id": "3347353",
          "url": "https://www.slough.gov.uk/downloads/file/5111/cd-7-01-appeal-decision-relating-to-woodlands-park-landfill-site-dated-9-july-2025-reference-3347353-"
        },
        "summary": "Up to 72,000 m² (GEA) Use Class B8 data centre across two buildings, delivering about 90 MW, on the former Woodlands Park landfill, land south of Slough Road, Iver, in the Green Belt near M25 J1 (application PL/24/0754/OA). The Secretary of State (Minister Matthew Pennycook) allowed the recovered appeal APP/N0410/W/24/3347353 on 9 July 2025, overturning Buckinghamshire Council's refusal; an earlier ~147 MW three-building scheme was dismissed at appeal in October 2023. The consent is under judicial review by Foxglove and Global Action Plan; in 2026 the Government conceded a “serious logical error” in screening out EIA while failing to secure the relied-on mitigation, and the permission is expected to be quashed. Distinct from CyrusOne LON6 (Iver Heath, Seven Hills Road).",
        "power": {
          "grid_connection_mw": null,
          "it_load_mw": {
            "value": 90,
            "unit": "MW",
            "basis": "planning_doc",
            "source": "Recovered appeal 3347353 (9 July 2025): 72,000 m² GEA facility delivering ~90 MW",
            "page": "DL",
            "archived": null
          },
          "phase_1_mw": null,
          "max_proposed_mw": {
            "value": 90,
            "unit": "MW",
            "basis": "planning_doc",
            "source": "Recovered appeal 3347353 (9 July 2025): up to ~90 MW capacity",
            "page": "DL",
            "archived": null
          }
        },
        "water_litres_pa": null,
        "land": {
          "acres": null,
          "previous_use": "Former Woodlands Park landfill site (Green Belt)",
          "land_type": "brownfield",
          "alc_grades": null
        },
        "grid_connection": null,
        "cooling": null,
        "claims_on_record": [],
        "operator_response": null,
        "timeline": [
          {
            "date": "2023-10",
            "event": "Earlier ~147 MW three-building scheme dismissed at appeal by the previous Secretary of State",
            "source": "https://www.datacenterdynamics.com/en/news/angela-rayner-greenlights-twice-rejected-buckinghamshire-data-center/"
          },
          {
            "date": "2024-10-24",
            "event": "Appeal recovered for the Secretary of State's determination (s79 TCPA 1990)",
            "source": "https://www.slough.gov.uk/downloads/file/5111/cd-7-01-appeal-decision-relating-to-woodlands-park-landfill-site-dated-9-july-2025-reference-3347353-"
          },
          {
            "date": "2025-07-09",
            "event": "Secretary of State allows recovered appeal 3347353; permission granted (up to 72,000 m² / ~90 MW)",
            "source": "https://www.slough.gov.uk/downloads/file/5111/cd-7-01-appeal-decision-relating-to-woodlands-park-landfill-site-dated-9-july-2025-reference-3347353-"
          },
          {
            "date": "2025-08",
            "event": "Foxglove and Global Action Plan launch judicial review of the grant",
            "source": "https://www.foxglove.org.uk/2025/08/21/new-case-launch-uk-first-legal-challenge-data-centre/"
          },
          {
            "date": "2026",
            "event": "Government concedes JR, admitting a “serious logical error” on EIA screening; permission expected to be quashed",
            "source": "https://www.datacenterdynamics.com/en/news/planning-permission-for-buckinghamshire-data-center-likely-to-be-quashed-after-uk-government-admits-serious-logical-error/"
          }
        ],
        "controversies": [
          {
            "summary": "Green Belt hyperscale data centre on a former landfill; consent under judicial review by Foxglove and Global Action Plan. Government has conceded a “serious logical error” in screening out EIA, and the permission is expected to be quashed.",
            "source": "https://www.leighday.co.uk/news/press-releases/2026-news/government-admits-to-serious-error-as-permission-granted-for-legal-case-opposing-hyperscale-data-centre-in-buckinghamshire/",
            "label": "legal"
          }
        ],
        "sources": [
          {
            "label": "SoS recovered appeal decision 3347353 (9 July 2025, Slough-hosted copy)",
            "url": "https://www.slough.gov.uk/downloads/file/5111/cd-7-01-appeal-decision-relating-to-woodlands-park-landfill-site-dated-9-july-2025-reference-3347353-",
            "archived": null
          },
          {
            "label": "DCD: permission likely to be quashed after Government admits “serious logical error”",
            "url": "https://www.datacenterdynamics.com/en/news/planning-permission-for-buckinghamshire-data-center-likely-to-be-quashed-after-uk-government-admits-serious-logical-error/",
            "archived": null
          },
          {
            "label": "Leigh Day: Government admits serious error over data centre permission",
            "url": "https://www.leighday.co.uk/news/press-releases/2026-news/government-admits-to-serious-error-as-permission-granted-for-legal-case-opposing-hyperscale-data-centre-in-buckinghamshire/",
            "archived": null
          }
        ],
        "last_reviewed": "2026-08-07",
        "operational_reality": "consented"
      }
    },
    {
      "type": "Feature",
      "geometry": {
        "type": "Point",
        "coordinates": [
          -0.00195,
          51.51205
        ]
      },
      "properties": {
        "id": "telehouse-north",
        "name": "Telehouse North (Docklands)",
        "operator": "Telehouse (KDDI)",
        "status": "operating",
        "local_authority": "London Borough of Tower Hamlets",
        "corridor": "east",
        "planning_ref": {
          "id": null,
          "url": null
        },
        "summary": "The original Telehouse building at Coriander Avenue, Blackwall (E14 2AA), opened 1990 as the first purpose-built colocation data centre in Europe and the home of the London Internet Exchange (LINX) since 1994 — one of the most densely connected facilities in the world. About 9,717 m² of colocation across seven floors, served by a dedicated on-site 50 MVA primary substation fed by two 132 kV grid lines. Part of the Telehouse Docklands campus aggregate.",
        "power": {
          "grid_connection_mw": {
            "value": 50,
            "unit": "MVA",
            "basis": "stated",
            "source": "Telehouse North: dedicated on-site primary substation, 50 MVA, two 132 kV lines",
            "page": null,
            "archived": null
          },
          "it_load_mw": null,
          "phase_1_mw": null,
          "max_proposed_mw": null
        },
        "water_litres_pa": null,
        "land": {
          "acres": null,
          "previous_use": "Docklands regeneration land, Blackwall",
          "land_type": "industrial_active",
          "alc_grades": null
        },
        "grid_connection": null,
        "cooling": null,
        "claims_on_record": [],
        "operator_response": null,
        "timeline": [
          {
            "date": "1990",
            "event": "Telehouse North opens — first purpose-built colocation data centre in Europe",
            "source": "https://www.telehouse.com/global-data-centers/emea/london-data-centers/telehouse-north/"
          },
          {
            "date": "1994",
            "event": "Becomes the home of the London Internet Exchange (LINX)",
            "source": "https://www.telehouse.net/data-centre-services/uk/london/telehouse-north/"
          }
        ],
        "controversies": [],
        "sources": [
          {
            "label": "Telehouse: Telehouse North",
            "url": "https://www.telehouse.com/global-data-centers/emea/london-data-centers/telehouse-north/",
            "archived": null
          },
          {
            "label": "Datacenters.com: Telehouse North brochure",
            "url": "https://www.datacenters.com/location_brochures/london-north-data-center-a-core-hub-for-global-connectivity",
            "archived": null
          }
        ],
        "last_reviewed": "2026-08-09",
        "part_of": "telehouse-docklands",
        "operational_reality": "operating"
      }
    },
    {
      "type": "Feature",
      "geometry": {
        "type": "Point",
        "coordinates": [
          -0.63804,
          51.52246
        ]
      },
      "properties": {
        "id": "equinix-ld11x-slough",
        "name": "Equinix LD11x (Slough)",
        "operator": "Equinix",
        "status": "operating",
        "local_authority": "Slough Borough Council",
        "corridor": "west",
        "planning_ref": {
          "id": null,
          "url": null
        },
        "summary": "Equinix xScale hyperscale IBX at 765 Henley Road, Slough SL1 4JW (off Buckingham Avenue, Slough Trading Estate). One of Equinix's two dedicated hyperscale facilities on the Slough campus (with LD13x), operating within the wider Equinix Slough virtual campus. IT load not separately disclosed by the operator.",
        "power": {
          "grid_connection_mw": null,
          "it_load_mw": null,
          "phase_1_mw": null,
          "max_proposed_mw": null
        },
        "water_litres_pa": null,
        "land": {
          "acres": null,
          "previous_use": null,
          "land_type": "industrial_active",
          "alc_grades": null
        },
        "grid_connection": null,
        "cooling": null,
        "claims_on_record": [],
        "operator_response": null,
        "timeline": [],
        "controversies": [],
        "sources": [
          {
            "label": "Equinix: London LD11x",
            "url": "https://www.equinix.com/data-centers/europe-colocation/united-kingdom-colocation/london-data-centers/ld11x",
            "archived": null
          },
          {
            "label": "Datacenters.com: Equinix LD11x London xScale",
            "url": "https://www.datacenters.com/equinix-ld11x-london-xscale",
            "archived": null
          }
        ],
        "last_reviewed": "2026-08-09",
        "part_of": "equinix-slough-campus",
        "operational_reality": "operating"
      }
    },
    {
      "type": "Feature",
      "geometry": {
        "type": "Point",
        "coordinates": [
          -0.6341,
          51.526
        ]
      },
      "properties": {
        "id": "equinix-ld14-slough",
        "name": "Equinix LD14 (Slough)",
        "operator": "Equinix",
        "status": "proposed",
        "local_authority": "Slough Borough Council",
        "corridor": "west",
        "planning_ref": {
          "id": null,
          "url": null
        },
        "summary": "New five-storey ~15,100 m² data centre at 9–13 Banbury Avenue, Slough Trading Estate (adjacent to the existing LD7 building), on a site of just under a hectare. Slough Borough Council granted detailed approval in May 2024; the scheme is about 30 MW (two data halls per floor, 13× 2.8 MW standby generators). Construction ran from Dec 2024 with completion reported for ~Sept 2026. Held at proposed with operational_reality under_construction until a lasting Slough Public Access URL is linked (Slough's portal is currently unreachable). Part of the Equinix Slough campus.",
        "power": {
          "grid_connection_mw": null,
          "it_load_mw": null,
          "phase_1_mw": null,
          "max_proposed_mw": {
            "value": 30,
            "unit": "MW",
            "basis": "stated",
            "source": "DCD: Equinix LD14 Slough — 30 MW+ data centre",
            "page": null,
            "archived": null
          }
        },
        "water_litres_pa": null,
        "land": {
          "acres": {
            "value": 2.2,
            "unit": "acres",
            "basis": "stated",
            "source": "Techerati / DCD: LD14 site just under a hectare (~2.2 acres)",
            "page": null,
            "archived": null
          },
          "previous_use": "Single-storey commercial building (to be demolished)",
          "land_type": "industrial_active",
          "alc_grades": null
        },
        "grid_connection": null,
        "cooling": null,
        "claims_on_record": [],
        "operator_response": null,
        "timeline": [
          {
            "date": "2024-05",
            "event": "Slough Borough Council grants detailed approval for LD14 (30 MW, Banbury Avenue)",
            "source": "https://www.datacenterdynamics.com/en/news/equinix-seeks-to-build-30mw-data-center-in-slough-uk/"
          },
          {
            "date": "2024-12",
            "event": "Construction start (reported completion ~Sept 2026)",
            "source": "https://www.constructionmap.info/site/515401/ld14"
          }
        ],
        "controversies": [],
        "sources": [
          {
            "label": "DCD: Equinix 30 MW+ Slough data center (LD14)",
            "url": "https://www.datacenterdynamics.com/en/news/equinix-seeks-to-build-30mw-data-center-in-slough-uk/",
            "archived": null
          },
          {
            "label": "DataCenterMap: Equinix LD14 (11 Banbury Ave, 30 MW)",
            "url": "https://www.datacentermap.com/united-kingdom/london/equinix-ld14/",
            "archived": null
          }
        ],
        "last_reviewed": "2026-08-09",
        "part_of": "equinix-slough-campus",
        "operational_reality": "under_construction"
      }
    }
  ]
}
